chrom,start,end,label,E1_sperm_X,E1_sperm_Y
chr1,4000000,4500000,AA,0.1287092584386702,0.7689110610106019
chr1,4500000,5000000,AA,0.0857013420949461,0.8396441482026815
chr1,5000000,5500000,AA,0.1224603497873136,0.698234479263822
chr1,5500000,6000000,AA,0.0655882439121419,0.696574243192541
chr1,6500000,7000000,AA,0.0806034507345369,0.6163245350705775
chr1,7000000,7500000,AA,0.0724603003120319,0.5826486347923664
chr1,7500000,8000000,AA,0.1044974915156005,0.5861277799455349
chr1,8000000,8500000,BA,-0.0286477763340442,0.5993956027312712
chr1,8500000,9000000,AA,0.0035797174749359,0.5662750825045803
chr1,9000000,9500000,AA,0.2137511137478651,0.4044200325281943
chr1,9500000,10000000,AA,0.1741842670690505,0.482970380531664
chr1,10000000,10500000,AA,0.1215785144625848,0.3818396576950966
chr1,10500000,11000000,AA,0.2859802901320511,0.49055531021334
chr1,11000000,11500000,AA,0.2409869676387223,0.4752731675284831
chr1,11500000,12000000,AA,0.1963402127021691,0.5471850358784877
chr1,12000000,12500000,AA,0.3184289952762219,0.46867259414472
chr1,12500000,13000000,AA,0.2782849460879227,0.3897674182138124
chr1,13500000,14000000,AA,0.3141388120762773,0.4614945850587568
chr1,14000000,14500000,AA,0.3316126971023711,0.4997248454186893
chr1,14500000,15000000,AA,0.1830984580021049,0.537174679080977
chr1,15000000,15500000,AA,0.2124317962810971,0.4518066012754093
chr1,15500000,16000000,AA,0.2828599919430635,0.4476827114864461
chr1,16000000,16500000,AA,0.3320214444071662,0.5373258475502389
chr1,16500000,17000000,AA,0.3053776144804234,0.3957794384069605
chr1,17000000,17500000,AA,0.2372243946215853,0.6031658331406472
chr1,17500000,18000000,AA,0.3950172220433642,0.5187461385684523
chr1,18000000,18500000,AA,0.3430166072700066,0.4949566703894184
chr1,18500000,19000000,AA,0.3351167223277045,0.3975465529754663
chr1,19000000,19500000,AA,0.566173322933535,0.3748220842460935
chr1,19500000,20000000,AA,0.6964974580053546,0.2851742679944883
chr1,20000000,20500000,AA,0.3969658275792554,0.3621451797912258
chr1,20500000,21000000,AA,0.3685739789443555,0.1804820113323139
chr1,21000000,21500000,AA,0.4892975443003995,0.0700464595763784
chr1,21500000,22000000,AA,0.3281090443168318,0.1977672982752646
chr1,22000000,22500000,AA,0.3988118893672716,0.3541176832508117
chr1,22500000,23000000,AA,0.5861598614243649,0.3951077283709678
chr1,23000000,23500000,AA,0.4262975749878022,0.4230431974566467
chr1,23500000,24000000,AA,0.4829466139467703,0.367959307039365
chr1,24000000,24500000,AA,0.3694937180104098,0.5193618436494448
chr1,24500000,25000000,AA,0.4838270400105592,0.3950078197793489
chr1,25000000,25500000,AA,0.482509687505927,0.3510446699315134
chr1,25500000,26000000,AA,0.4752150056535872,0.3578073684501517
chr1,26000000,26500000,AA,0.5820438562301015,0.4794080057727716
chr1,26500000,27000000,AA,0.5045208903877361,0.5596520766296323
chr1,27000000,27500000,AA,0.6506757675907677,0.6147549854449084
chr1,27500000,28000000,AA,0.538019725424697,0.5885859196753274
chr1,28000000,28500000,AA,0.5050357386814146,0.6326853146175445
chr1,28500000,29000000,AA,0.6804794421150786,0.5337774596816893
chr1,29000000,29500000,AA,0.5184581260459983,0.5129443846501734
chr1,29500000,30000000,AA,0.3611120950925107,0.4128293529461577
chr1,30000000,30500000,AA,0.6160854028287099,0.4859045563053949
chr1,30500000,31000000,AA,0.5320816468261073,0.516600965780997
chr1,31000000,31500000,AA,0.5528755576662829,0.4806691535589724
chr1,31500000,32000000,AA,0.4999596105279343,0.5577635969789378
chr1,32000000,32500000,AA,0.4037482708246332,0.6132041551776978
chr1,32500000,33000000,AA,0.5597745723810506,0.655748991944666
chr1,33000000,33500000,AA,0.5065836347597455,0.6635828322250059
chr1,33500000,34000000,AA,0.3944706663760179,0.5826209606609021
chr1,34000000,34500000,AA,0.5924191109078395,0.6305044631751238
chr1,34500000,35000000,AA,0.6424600043568353,0.559011477508207
chr1,35000000,35500000,AA,0.5402695719504129,0.5464705840945411
chr1,35500000,36000000,AA,0.7344160299610714,0.6023076147492008
chr1,36000000,36500000,AA,0.8439592142683614,0.6847975670501564
chr1,36500000,37000000,AA,0.5920409407104374,0.5736909793674082
chr1,37000000,37500000,AA,0.6708404859097784,0.6230864715921208
chr1,37500000,38000000,AA,0.659837808738328,0.7129100085277476
chr1,38000000,38500000,AA,0.6514819600609639,0.6379562476578081
chr1,38500000,39000000,AA,0.6961534874845778,0.636649529370602
chr1,39000000,39500000,AA,0.6306664785669084,0.5842642000108069
chr1,39500000,40000000,AA,0.5725106357822646,0.6400348393196943
chr1,40000000,40500000,AA,0.5355304084282934,0.5143254188723624
chr1,40500000,41000000,AA,0.7565309069090578,0.5569721646519267
chr1,41000000,41500000,AA,0.6010745765066683,0.5881342040440367
chr1,41500000,42000000,AA,0.6835705896200366,0.4972284031270721
chr1,42000000,42500000,AA,0.6668339795433917,0.4794349125637698
chr1,42500000,43000000,AA,0.6814799413447733,0.5551225660900466
chr1,43000000,43500000,AA,0.5760309800255499,0.6733836541083311
chr1,43500000,44000000,AA,0.7877198442524201,0.5857428180730148
chr1,44000000,44500000,AA,0.620801658502721,0.6962288455716322
chr1,44500000,45000000,AA,0.7118748287087392,0.7038175343025285
chr1,45000000,45500000,AA,0.6922249002930205,0.6649180259307794
chr1,45500000,46000000,AA,0.4960391776843038,0.5704536111957451
chr1,46000000,46500000,AA,0.5391668365890377,0.7778349330863593
chr1,46500000,47000000,AA,0.6748105595460667,0.4889209919145353
chr1,47000000,47500000,AA,0.6960092897291246,0.6168263694652624
chr1,47500000,48000000,AA,0.5263026827701114,0.602014304176374
chr1,48000000,48500000,AA,0.835382711904533,0.4749852113320095
chr1,48500000,49000000,AA,0.873607710938277,0.4460627848816432
chr1,49000000,49500000,AA,0.781089730087202,0.1407616388645945
chr1,49500000,50000000,AA,0.6898125635021481,0.0651172003378914
chr1,50000000,50500000,AA,0.7338111561535943,0.2839146314914157
chr1,50500000,51000000,AA,0.8450266476752532,0.1003079754237216
chr1,51000000,51500000,AA,0.8092203947284885,0.3118607987313457
chr1,51500000,52000000,AA,0.8872952542323574,0.3250804937259747
chr1,52000000,52500000,AA,0.7854982681620288,0.2414122821476629
chr1,52500000,53000000,AA,0.8675939923607394,0.054977780938098
chr1,53000000,53500000,AA,0.7145918356058447,0.4336174860623525
chr1,53500000,54000000,AA,0.6300082971236592,0.2659300579214209
chr1,54000000,54500000,AA,0.7505373776341062,0.4103308061007698
chr1,54500000,55000000,AA,0.7586768028998685,0.455363216555063
chr1,55000000,55500000,AB,0.5619699218932654,-0.0526064838539955
chr1,55500000,56000000,AB,0.6558850053896841,-0.1559965578042736
chr1,56000000,56500000,AB,0.7274006982736855,-0.08545102841611
chr1,56500000,57000000,AB,0.7294221229766019,-0.3233889458833587
chr1,57000000,57500000,AB,0.879620451461234,-0.3091846230174823
chr1,57500000,58000000,AB,0.6791559848110282,-0.3185300717402389
chr1,58000000,58500000,AB,0.7046651450232511,-0.3211431346098715
chr1,58500000,59000000,AB,0.6694886347691488,-0.22958803767056
chr1,59000000,59500000,AB,0.6884780334763193,-0.3187431940053534
chr1,59500000,60000000,AB,0.703477137045846,-0.319493581236923
chr1,60000000,60500000,AB,0.5968906668441876,-0.5688742428798498
chr1,60500000,61000000,AB,0.5199858068931366,-0.6011712003450586
chr1,61000000,61500000,AB,0.6585354727639605,-0.7023863024990199
chr1,61500000,62000000,AB,0.5803314822343231,-0.6372272231244269
chr1,62000000,62500000,AB,0.4535781137753202,-0.3954050784429801
chr1,62500000,63000000,AB,0.5979225285241795,-0.5893002627968197
chr1,63000000,63500000,AB,0.6404922104119997,-0.4914973585521039
chr1,63500000,64000000,AB,0.6245982188685625,-0.3592373947186228
chr1,64000000,64500000,AB,0.569812622813858,-0.2706210602471973
chr1,64500000,65000000,AB,0.5824348462907469,-0.3091454478674378
chr1,65000000,65500000,AB,0.6512019718027785,-0.2150955889974693
chr1,65500000,66000000,AB,0.4091816636449725,-0.68563057432122
chr1,66000000,66500000,AB,0.4883155452754125,-0.6592948990323384
chr1,66500000,67000000,AB,0.3863037783969738,-0.631180947973855
chr1,67000000,67500000,AB,0.4447892429087915,-0.4358407549531426
chr1,67500000,68000000,AB,0.292017678391085,-0.4064415034961141
chr1,68000000,68500000,AB,0.3027405707515135,-0.4368512828187051
chr1,68500000,69000000,AB,0.3421470168777066,-0.569388209382849
chr1,69000000,69500000,AB,0.2325743447427858,-0.5161665698188073
chr1,69500000,70000000,AB,0.3620007162815594,-0.5864355718323777
chr1,70000000,70500000,AB,0.2857566069551804,-0.4483769497043522
chr1,70500000,71000000,AB,0.3349295706687171,-0.549146684502994
chr1,71000000,71500000,AB,0.2602525850947322,-0.6769915017638896
chr1,71500000,72000000,AB,0.3673251894662885,-0.75049896219113
chr1,72000000,72500000,AB,0.3531514440069714,-0.8245491869241331
chr1,72500000,73000000,AB,0.4111886325939016,-0.8221045440993633
chr1,73000000,73500000,AB,0.371515366855296,-0.8043947127137245
chr1,73500000,74000000,AB,0.4739546647087408,-0.6679106337665761
chr1,74000000,74500000,AB,0.3611603486178272,-0.5254087940788338
chr1,74500000,75000000,AB,0.2806450226484765,-0.3405886865466308
chr1,75000000,75500000,AB,0.1106830114748188,-0.1068188770496572
chr1,75500000,76000000,AB,0.1986373722931868,-0.1211741743006815
chr1,76000000,76500000,AB,0.1649150751442232,-0.282863870873145
chr1,76500000,77000000,AB,0.1277137683854308,-0.3532532624087125
chr1,77000000,77500000,AB,0.1544112140200519,-0.4189885645801747
chr1,77500000,78000000,BB,-0.0169332864779669,-0.325913516844455
chr1,78000000,78500000,AB,0.0765185167001001,-0.3281058152928983
chr1,78500000,79000000,AB,0.1922582139894202,-0.5843417275823943
chr1,79000000,79500000,AB,0.1594891655935417,-0.4955687038447054
chr1,79500000,80000000,AB,0.1542393244117341,-0.5543061800813465
chr1,80000000,80500000,AB,0.1818876378608797,-0.6000873275831954
chr1,80500000,81000000,AB,0.2094633328282614,-0.6440286797039915
chr1,81000000,81500000,AB,0.1152680358002467,-0.6492322354095023
chr1,81500000,82000000,AB,0.1491435774431525,-0.538592521478734
chr1,82000000,82500000,AB,0.1278261253144828,-0.5280155676661245
chr1,82500000,83000000,AB,0.1536553622322713,-0.5398557476221187
chr1,83500000,84000000,BB,-0.0057294301557291,-0.449921697183051
chr1,84000000,84500000,BB,-0.0971250398039511,-0.3992643677161523
chr1,84500000,85000000,BA,-0.3501090503258752,0.0613354400039668
chr1,85000000,85500000,BB,-0.131723162139982,-0.1718028989936925
chr1,85500000,86000000,BB,-0.09379166464214,-0.3574323510783
chr1,86000000,86500000,BB,-0.027829957179772,-0.538281703459909
chr1,86500000,87000000,BB,-0.1015502884529276,-0.3407702239053815
chr1,87000000,87500000,BB,-0.2012950609361856,-0.3367772268292969
chr1,87500000,88000000,BB,-0.0848431466070302,-0.4109066505833247
chr1,88000000,88500000,BB,-0.0833926707086294,-0.5425608961352009
chr1,88500000,89000000,BB,-0.0299520290939794,-0.2505367719356245
chr1,89000000,89500000,BB,-0.2270792519245258,-0.0223858537633121
chr1,89500000,90000000,BA,-0.3289022590890886,0.2295634898408477
chr1,90000000,90500000,BB,-0.1094866582722532,-0.2265009864731306
chr1,90500000,91000000,BB,-0.1116822730837281,-0.1385780984520474
chr1,91000000,91500000,BA,-0.1861662154230218,0.1314799121370761
chr1,91500000,92000000,BA,-0.0466359991038646,0.1294231230165242
chr1,92000000,92500000,BB,-0.184338948574448,-0.2036780539817215
chr1,92500000,93000000,BB,-0.1993994960837733,-0.3761460563396083
chr1,93000000,93500000,BB,-0.1431776721374704,-0.2475970085430512
chr1,93500000,94000000,BA,-0.3325343729489239,0.1292056913288142
chr1,94000000,94500000,BA,-0.2751182125556255,0.1700970535027492
chr1,94500000,95000000,BA,-0.1631548273191262,0.1550707012060766
chr1,95000000,95500000,BB,-0.1272300533781176,-0.2161924271469508
chr1,95500000,96000000,BB,-0.0124032192781264,-0.5080418679755064
chr1,96000000,96500000,AB,0.044200734618279,-0.5743749969823226
chr1,96500000,97000000,AB,0.0431344404259127,-0.6216555305243698
chr1,97000000,97500000,AB,0.1242879869551725,-0.7261007080840883
chr1,97500000,98000000,AB,0.1111049961765282,-0.7855709945103395
chr1,98000000,98500000,AB,0.2404056422189218,-0.8087415497588718
chr1,98500000,99000000,AB,0.2257377990103279,-0.7469458562838796
chr1,99000000,99500000,AB,0.2190909088031004,-0.7077142583041258
chr1,99500000,100000000,AB,0.2359954702358439,-0.5547930600035266
chr1,100000000,100500000,AB,0.0194723875865583,-0.2948932057042441
chr1,100500000,101000000,AB,0.1188462422359676,-0.5930858970719619
chr1,101000000,101500000,AB,0.2436299725143038,-0.5585050723821288
chr1,101500000,102000000,AB,0.1057054525569796,-0.5875459423677244
chr1,102000000,102500000,AB,0.2661117928725345,-0.7946698829877166
chr1,102500000,103000000,AB,0.1805871135005375,-0.7000548173686171
chr1,103000000,103500000,AB,0.1850662410809319,-0.7190134570680397
chr1,104000000,104500000,AB,0.078491704326773,-0.8045396463381786
chr1,104500000,105000000,AB,0.1060338281379968,-0.6835762162805505
chr1,105000000,105500000,AB,0.185847316667365,-0.66622806383165
chr1,105500000,106000000,AB,0.2309428050028059,-0.7439366042603875
chr1,106000000,106500000,AB,0.1237880449037793,-0.704623877606488
chr1,106500000,107000000,AB,0.0826493606002109,-0.65761347205991
chr1,107000000,107500000,AB,0.02263164796139,-0.6131892273218963
chr1,107500000,108000000,BB,-0.2826102025925496,-0.505946245809645
chr1,108500000,109000000,BB,-0.443360160234391,-0.0571377104034656
chr1,109000000,109500000,BA,-0.6112008187875079,0.3369042200271829
chr1,109500000,110000000,BA,-0.8647280914627318,0.1160828564812641
chr1,110000000,110500000,BA,-1.182243806767199,0.3632533242927008
chr1,110500000,111000000,BA,-0.8871065604305913,0.1741169560591211
chr1,111000000,111500000,BA,-1.0280165212471442,0.0448355900336785
chr1,111500000,112000000,BA,-0.9835751635519926,0.1342669256978924
chr1,112000000,112500000,BA,-1.0062375114500943,0.2798107627940324
chr1,112500000,113000000,BA,-1.265911565437495,0.7257407862952806
chr1,113000000,113500000,BA,-0.8965530735565291,0.5909441832538763
chr1,113500000,114000000,BA,-0.9943780974334862,0.6614117856604967
chr1,114000000,114500000,BA,-1.074295647239015,0.7624889204127356
chr1,114500000,115000000,BA,-1.1406573705957563,0.5793572574955901
chr1,115000000,115500000,BA,-0.8856536997868637,0.7264815731444954
chr1,115500000,116000000,BA,-0.7819524430874416,0.7342163596936025
chr1,116000000,116500000,BA,-0.8618935739734283,0.9173974220641312
chr1,116500000,117000000,BA,-1.0273315009320938,0.9035692853081876
chr1,117000000,117500000,BA,-1.0350485709843364,0.8855835701841188
chr1,117500000,118000000,BA,-1.0415087245419103,0.5701471254024774
chr1,118000000,118500000,BA,-1.0020217306702028,0.4869594314023995
chr1,118500000,119000000,BA,-0.986412083929156,0.6846392424654936
chr1,119000000,119500000,BA,-0.8533240562223559,0.8017470135944369
chr1,119500000,120000000,BA,-0.8006140217248291,0.939985348344286
chr1,147000000,147500000,AA,0.801860607066975,0.797109445917243
chr1,147500000,148000000,AA,0.6790086472357393,0.7373783277497996
chr1,150000000,150500000,AA,0.6703642434776654,0.5946814638889873
chr1,150500000,151000000,AA,0.5544415212547397,0.663035911038468
chr1,151000000,151500000,AA,0.7345104205097841,0.6161868308221762
chr1,151500000,152000000,AA,0.6183955768797396,0.6075949751981012
chr1,152000000,152500000,AA,0.5856964152652011,0.6571018454147602
chr1,152500000,153000000,AA,0.645349142642584,0.5577042540255585
chr1,153000000,153500000,AA,0.5499219659865383,0.600285139294947
chr1,153500000,154000000,AA,0.6712280677348619,0.6952261676628956
chr1,154000000,154500000,AA,0.622262045411723,0.6147565240600357
chr1,154500000,155000000,AA,0.6475184672993621,0.6076213892285931
chr1,155000000,155500000,AA,0.6925277952791038,0.5552046737652088
chr1,155500000,156000000,AA,0.5411352139114645,0.6534949880874449
chr1,156000000,156500000,AA,0.609407895419348,0.6735594924842657
chr1,156500000,157000000,AA,0.6028694321461634,0.6471788810368619
chr1,157000000,157500000,AA,0.5694656067719979,0.5562770709109801
chr1,157500000,158000000,AA,0.4589190114565701,0.5198662456869946
chr1,158000000,158500000,AA,0.514589796917301,0.5221823361655745
chr1,158500000,159000000,AA,0.485407815024827,0.3533046137939979
chr1,159000000,159500000,AA,0.4995525317573609,0.5004677918269075
chr1,159500000,160000000,AA,0.4105523714061512,0.498378488080837
chr1,160000000,160500000,AA,0.5496040456148015,0.6450344657486526
chr1,160500000,161000000,AA,0.5136094785032942,0.5105909010246871
chr1,161000000,161500000,AA,0.5352764323211159,0.5248317255975246
chr1,161500000,162000000,AA,0.2573344144311316,0.3570587301242541
chr1,162000000,162500000,AA,0.1966639578049105,0.3768987585033255
chr1,162500000,163000000,AA,0.0930904107433348,0.2985901325571604
chr1,163000000,163500000,BA,-0.0593588307277545,0.2279425572361167
chr1,163500000,164000000,BA,-0.0634743486655766,0.1593814459316185
chr1,164000000,164500000,AA,0.0766711798456623,0.2961355363626078
chr1,164500000,165000000,AA,0.3911550721078549,0.3872299414837789
chr1,165000000,165500000,AA,0.4465838292857878,0.4503867199922133
chr1,165500000,166000000,AA,0.3041418972939776,0.4288196712271644
chr1,166000000,166500000,AA,0.251382848562178,0.3131541953095648
chr1,166500000,167000000,AA,0.3681226549202489,0.2118515002527883
chr1,167000000,167500000,AA,0.3399367093738324,0.316673389206021
chr1,167500000,168000000,AA,0.4122260125550029,0.2484144192027071
chr1,168000000,168500000,AA,0.3265685438604023,0.3988526886545387
chr1,168500000,169000000,AA,0.2989183510391667,0.2005867954546792
chr1,169000000,169500000,AA,0.1358843042018646,0.2112889113114494
chr1,169500000,170000000,AA,0.2026179939652349,0.1548776500275517
chr1,170000000,170500000,AA,0.1819150602590493,0.2114220848069195
chr1,170500000,171000000,AA,0.0498667539478642,0.153794743416916
chr1,171000000,171500000,AA,0.1426163325688544,0.1655621313786043
chr1,171500000,172000000,AA,0.1690668688878338,0.2219825536269093
chr1,172000000,172500000,AA,0.1524905438573857,0.1575977277561713
chr1,172500000,173000000,BB,-0.0101027536719019,-0.0350817046127368
chr1,173000000,173500000,AA,0.1426123384523278,0.0716692848680717
chr1,173500000,174000000,AA,0.266839391842414,0.1669975604697904
chr1,174000000,174500000,BB,-0.1830724401497698,-0.2011178500931638
chr1,174500000,175000000,BB,-0.2877558456581872,-0.2944775232432138
chr1,175000000,175500000,BB,-0.0518667250785255,-0.1640783515107969
chr1,175500000,176000000,BB,-0.136489214036274,-0.0414210754505426
chr1,176000000,176500000,BB,-0.4421288039984223,-0.3600890641988738
chr1,176500000,177000000,BB,-0.4037175749794636,-0.1600359859860172
chr1,177000000,177500000,BB,-0.3915983247294331,-0.3015152986000516
chr1,177500000,178000000,BB,-0.3853105614192444,-0.2282016665780885
chr1,178000000,178500000,BB,-0.3049299569465149,-0.2316430725333374
chr1,178500000,179000000,BA,-0.0840056051719512,0.0008671422834434
chr1,179000000,179500000,AA,0.0198602960954734,0.0817837624415726
chr1,179500000,180000000,AA,0.1395983991745143,0.0873701642504156
chr1,180000000,180500000,AB,0.0754551307724537,-0.0077472502099482
chr1,180500000,181000000,BB,-0.0380311286747115,-0.0012756702803411
chr1,181000000,181500000,AA,0.1217825873460834,0.0777437000966606
chr1,181500000,182000000,AB,0.007150996513483,-0.1016567756894046
chr1,182000000,182500000,AA,0.2209779236732499,0.1770785079925003
chr1,182500000,183000000,AA,0.1571372923734477,0.0552571427332604
chr1,183000000,183500000,AA,0.118900891233431,0.0537505708378259
chr1,183500000,184000000,AB,0.0062108686229039,-0.1718487793040979
chr1,184000000,184500000,BB,-0.3396100783687929,-0.4529839070160039
chr1,184500000,185000000,BB,-0.3491009698479215,-0.4530865607620969
chr1,185000000,185500000,BB,-0.3779992373812307,-0.3801957445574911
chr1,185500000,186000000,BB,-0.5208285910353669,-0.5478470667662024
chr1,186000000,186500000,BB,-0.6537697200017987,-0.6644123419587427
chr1,186500000,187000000,BB,-0.767149812682702,-0.6656812539679242
chr1,187000000,187500000,BB,-0.7115637114922375,-0.6972970444030657
chr1,187500000,188000000,BB,-0.6053353026245206,-0.7049947897821175
chr1,188000000,188500000,BB,-0.6861573983887262,-0.7090830147610424
chr1,188500000,189000000,BB,-0.6539668274888879,-0.6792769899674204
chr1,189000000,189500000,BB,-0.6666577696724376,-0.78542465868911
chr1,189500000,190000000,BB,-0.7564460953834565,-0.803021480799387
chr1,190000000,190500000,BB,-0.7335372142430084,-0.8517179371669784
chr1,190500000,191000000,BB,-0.7166762565645426,-0.7935269662664743
chr1,191000000,191500000,BB,-0.6860152441012768,-0.7191952771989011
chr1,191500000,192000000,BB,-0.7821614940734597,-0.7427352695477065
chr1,192000000,192500000,BB,-0.7698520567092809,-0.4990165454504315
chr1,192500000,193000000,BB,-0.4363876437668181,-0.4115429018936799
chr1,193000000,193500000,BB,-0.322093137945788,-0.2514530273936925
chr1,193500000,194000000,BB,-0.6255496111444031,-0.6163377913601698
chr1,194000000,194500000,BB,-0.7224889551525278,-0.626416095125007
chr1,194500000,195000000,BB,-0.7441850800932802,-0.6567519279793715
chr1,195000000,195500000,BB,-0.7853253959285723,-0.6554063280038047
chr1,195500000,196000000,BB,-0.7760373157307381,-0.7715368542959922
chr1,196000000,196500000,BB,-0.7785218465094331,-0.6886010103576972
chr1,196500000,197000000,BB,-0.7435713458041172,-0.7179599860069298
chr1,197000000,197500000,BB,-0.6418263397593384,-0.6415544449599666
chr1,197500000,198000000,BB,-0.6085801035796966,-0.5768673220633986
chr1,198000000,198500000,BB,-0.7547191112229173,-0.7662228998849063
chr1,198500000,199000000,BB,-0.7984552670754768,-0.7862414419218678
chr1,199000000,199500000,BB,-0.794938825336226,-0.8263774097813641
chr1,199500000,200000000,BB,-0.6597424192445768,-0.7807807223973545
chr1,200000000,200500000,BB,-0.4017118744621736,-0.4681195344232877
chr1,200500000,201000000,BB,-0.1159403972907967,-0.1361457982178942
chr1,201000000,201500000,AA,0.2196726371036135,0.1424602446496128
chr1,201500000,202000000,AA,0.1155918409519345,0.1859683639988096
chr1,202000000,202500000,AA,0.193377199872001,0.1127492935210642
chr1,202500000,203000000,AA,0.3281071469682483,0.1534962090055029
chr1,203000000,203500000,AA,0.3358341636219165,0.1095727940714328
chr1,203500000,204000000,AA,0.2879032981417903,0.1426645076727391
chr1,204000000,204500000,AA,0.3467424426626196,0.3370470114608015
chr1,204500000,205000000,AA,0.3597070251835972,0.3039585130630027
chr1,205000000,205500000,AA,0.4414652067490568,0.3520277358267893
chr1,205500000,206000000,AA,0.2523739340090496,0.2540039907720638
chr1,206500000,207000000,AA,0.1631838377568576,0.3579265604344811
chr1,207000000,207500000,AA,0.1861315222544244,0.0389687868206698
chr1,207500000,208000000,AA,0.1387855585150084,0.1719979867427141
chr1,208000000,208500000,AA,0.0511036451856959,0.1301057382669313
chr1,208500000,209000000,BB,-0.087394140431842,-0.0863763602496458
chr1,209000000,209500000,AB,0.1014054614905839,-0.0933605693671946
chr1,209500000,210000000,AB,0.0266579517262562,-0.0557781719981921
chr1,210000000,210500000,BB,-0.0672877193963184,-0.1785696052171468
chr1,210500000,211000000,AA,0.0951213242626745,0.0326437983820145
chr1,211000000,211500000,AA,0.2367014947982322,0.1526938926217926
chr1,211500000,212000000,AA,0.3310884660620197,0.2318911818045761
chr1,212000000,212500000,AA,0.4261544695461661,0.1858390403058226
chr1,212500000,213000000,AA,0.3090515619784608,0.112463217884438
chr1,213000000,213500000,AB,0.0906897175250083,-0.0969805252591282
chr1,213500000,214000000,BB,-0.0882666743161627,-0.3046014235491969
chr1,214000000,214500000,BB,-0.166366223494693,-0.3660646886921513
chr1,214500000,215000000,BB,-0.5008017063089368,-0.7102249768925576
chr1,215000000,215500000,BB,-0.6074664123571408,-0.8101284463355569
chr1,215500000,216000000,BB,-0.6166761661713889,-0.6932528453487947
chr1,216000000,216500000,BB,-0.5997557319169174,-0.7820013472209205
chr1,216500000,217000000,BB,-0.66770096281554,-0.7197522103556188
chr1,217000000,217500000,BB,-0.5734809552814522,-0.5417686503030203
chr1,217500000,218000000,BB,-0.3816662935286393,-0.3664677007815462
chr1,218000000,218500000,BB,-0.637794744132285,-0.5341643834000134
chr1,218500000,219000000,BB,-0.7254026380347188,-0.6745979293534603
chr1,219000000,219500000,BB,-0.6885976423492995,-0.660710480020409
chr1,219500000,220000000,BB,-0.4524901780136101,-0.4630906269453823
chr1,220000000,220500000,BB,-0.3417074349103715,-0.3548674094748152
chr1,220500000,221000000,BB,-0.2958389720177992,-0.2208652779548353
chr1,221000000,221500000,BB,-0.3008472047990783,-0.301487018761704
chr1,221500000,222000000,BB,-0.2176536878679259,-0.0797839032097459
chr1,222000000,222500000,BB,-0.111392221518659,-0.0251617262187519
chr1,222500000,223000000,BB,-0.1116192850859482,-0.0076040137471555
chr1,223000000,223500000,AA,0.2404612025358098,0.2913030406419413
chr1,223500000,224000000,AA,0.3212724497303446,0.3001523957490973
chr1,224000000,224500000,AA,0.4607071185446509,0.3695370497462631
chr1,224500000,225000000,AA,0.5060596616737096,0.4457000208464765
chr1,225000000,225500000,AA,0.5207840692232854,0.4510952176570245
chr1,225500000,226000000,AA,0.5881077249193061,0.595984794404381
chr1,226000000,226500000,AA,0.5325226110546885,0.5514270723373775
chr1,226500000,227000000,AA,0.467226077425707,0.6202739754648289
chr1,227000000,227500000,AA,0.4474463201059379,0.4391571092706895
chr1,227500000,228000000,AA,0.6597820361050086,0.5504078241510514
chr1,228000000,228500000,AA,0.7958349558281717,0.8207354812477521
chr1,228500000,229000000,AA,0.6001835368416858,0.596788959685289
chr1,229000000,229500000,AA,0.5278792064779867,0.4447517177365858
chr1,229500000,230000000,AA,0.3437085575709313,0.3317190379486911
chr1,230000000,230500000,AA,0.3700021330285247,0.2283416732977067
chr1,230500000,231000000,AA,0.405677553958072,0.2511277713955328
chr1,231000000,231500000,AA,0.3417038627641289,0.1868111727551917
chr1,231500000,232000000,AA,0.3318241819604101,0.0829525046300498
chr1,232000000,232500000,AA,0.1887342517813151,0.0525184570052283
chr1,232500000,233000000,AB,0.1538556588341477,-0.070831380125461
chr1,233000000,233500000,AB,0.0029859826667152,-0.2699695828789255
chr1,233500000,234000000,BB,-0.1561889719581216,-0.2193344266829125
chr1,234000000,234500000,AB,0.0464489522304228,-0.2045967444621378
chr1,234500000,235000000,AB,0.1943196027102445,-0.0150302426886305
chr1,235000000,235500000,AA,0.1862984717134017,0.0445161705351848
chr1,235500000,236000000,AB,0.0259956939662829,-0.057009736809429
chr1,236000000,236500000,BB,-0.0192039874149123,-0.197599393413868
chr1,236500000,237000000,BB,-0.2532440145909015,-0.3455745928805773
chr1,237000000,237500000,BB,-0.5197214751460132,-0.54049472044114
chr1,237500000,238000000,BB,-0.5278454135673064,-0.5847824396156549
chr1,238000000,238500000,BB,-0.751761172215753,-0.6015993158715777
chr1,238500000,239000000,BB,-0.7192728268642663,-0.8124600270747725
chr1,239000000,239500000,BB,-0.6321439342328721,-0.6957113710181995
chr1,239500000,240000000,BB,-0.6248513517938448,-0.740456082887889
chr1,240000000,240500000,BB,-0.5694552532718291,-0.7695047928967323
chr1,240500000,241000000,BB,-0.503616552531669,-0.4474839774250712
chr1,241000000,241500000,BB,-0.4569080714147523,-0.3870406788283474
chr1,241500000,242000000,AB,0.065962949563885,-0.2507190700123481
chr1,242000000,242500000,BB,-0.0814821841331231,-0.2565288930523605
chr1,242500000,243000000,AA,0.2958726141828222,0.0214495838061762
chr1,243000000,243500000,AA,0.3865157130025659,0.1362856584943502
chr1,243500000,244000000,AA,0.2586894421757151,0.1376527435188055
chr1,244000000,244500000,AA,0.5448148586396705,0.2197342704669724
chr1,244500000,245000000,AA,0.4246347362359485,0.3629114236589398
chr1,245000000,245500000,AA,0.4399388946870388,0.39488236827909
chr1,245500000,246000000,AA,0.5725849466157313,0.3489073341105529
chr1,246000000,246500000,AA,0.3330600597450291,0.5357886283831701
chr1,246500000,247000000,AA,0.4053572029202602,0.5352823635770665
chr1,247000000,247500000,AA,0.3260153106721087,0.4382226159451527
chr1,247500000,248000000,AA,0.1200407482677227,0.3063035365053168
chr1,248000000,248500000,AA,0.1217719003630327,0.1689743011471658
chr2,0,500000,AA,0.8080226425587268,0.5784182194132067
chr2,500000,1000000,AA,0.5759262021968266,0.4569039282338763
chr2,1000000,1500000,AA,0.6387322296837122,0.3838341893630813
chr2,1500000,2000000,AA,0.5768976521332576,0.5731624215981312
chr2,2000000,2500000,AA,0.540558753566279,0.303739458526044
chr2,2500000,3000000,AA,0.571824727056522,0.3579788949150292
chr2,3000000,3500000,AA,0.5384806765687697,0.3980464990032411
chr2,3500000,4000000,AA,0.5387460770258551,0.4219087366692388
chr2,4000000,4500000,AA,0.206349946128393,0.1147388458698491
chr2,4500000,5000000,BB,-0.0554014879481905,-0.1554882497334802
chr2,5000000,5500000,AB,0.0288059256472264,-0.0944225020849457
chr2,5500000,6000000,AA,0.0430794298691206,0.0636578131641249
chr2,6000000,6500000,AA,0.1493825584613674,0.1795760268712822
chr2,6500000,7000000,AA,0.40232961873788,0.3665043297936824
chr2,7000000,7500000,AA,0.1557572001229917,0.3435070593964263
chr2,7500000,8000000,AA,0.0712891610269402,0.3671999716984969
chr2,8000000,8500000,AA,0.3239251920755867,0.4544291479093998
chr2,8500000,9000000,AA,0.3146570284506311,0.458117988240907
chr2,9000000,9500000,AA,0.4015236898305355,0.5517247412166907
chr2,9500000,10000000,AA,0.3585898174543933,0.3941935833769416
chr2,10000000,10500000,AA,0.5010688296038397,0.4906265755729468
chr2,10500000,11000000,AA,0.4812034431281418,0.3930078235748898
chr2,11000000,11500000,AA,0.2073340552456424,0.0445905416510311
chr2,11500000,12000000,AA,0.2333641024460027,0.2033016158402536
chr2,12000000,12500000,BB,-0.0947647468261065,-0.1329396104823865
chr2,12500000,13000000,BB,-0.4747753690112517,-0.3934427750460462
chr2,13000000,13500000,BB,-0.6232696922638249,-0.5250739509574094
chr2,13500000,14000000,BB,-0.7421947459150322,-0.7542293276384597
chr2,14000000,14500000,BB,-0.618211474534318,-0.6885521365276515
chr2,14500000,15000000,BB,-0.3348178421506619,-0.313899455594719
chr2,15000000,15500000,BB,-0.3056126282339485,-0.3681337366589403
chr2,15500000,16000000,BB,-0.1823567794653504,-0.0497966332055399
chr2,16000000,16500000,BB,-0.1671619156751482,-0.0840888140496266
chr2,16500000,17000000,BB,-0.3744172044468865,-0.4072239857245013
chr2,17000000,17500000,BB,-0.474720918902309,-0.4269761199494216
chr2,17500000,18000000,BB,-0.3878175507354669,-0.3264037216041625
chr2,18000000,18500000,BB,-0.4234597480342167,-0.3637939525184167
chr2,18500000,19000000,BB,-0.261651159573712,-0.330179799951219
chr2,19000000,19500000,AA,0.0923468592013829,0.0637956863466678
chr2,19500000,20000000,AA,0.3126416498649606,0.2643187485592428
chr2,20000000,20500000,AA,0.2359431076025541,0.2426913410830056
chr2,20500000,21000000,AA,0.1157319590484329,0.1162696380516638
chr2,21000000,21500000,BB,-0.1406178555250018,-0.2574329251747884
chr2,21500000,22000000,BB,-0.2869931438738918,-0.3321093382497461
chr2,22000000,22500000,BB,-0.2917884677365951,-0.1141496547104255
chr2,22500000,23000000,BB,-0.2463253896003349,-0.0687144105230781
chr2,23000000,23500000,AA,0.1778415283560181,0.2373373642816607
chr2,23500000,24000000,AA,0.2032986898656997,0.1707420330799465
chr2,24000000,24500000,AA,0.0631821510376492,0.2076721528682397
chr2,24500000,25000000,AA,0.242479930453733,0.2479106034304196
chr2,25000000,25500000,AA,0.3840878268320635,0.4075137534601806
chr2,25500000,26000000,AA,0.3751146798251059,0.3808351699516548
chr2,26000000,26500000,AA,0.5190453850093447,0.5061910794757852
chr2,26500000,27000000,AA,0.5958590683768329,0.5410494757436355
chr2,27000000,27500000,AA,0.6613053095792302,0.6828257423282096
chr2,27500000,28000000,AA,0.5585783349517854,0.6306296859107775
chr2,28000000,28500000,AA,0.5341637126165473,0.5150436935323071
chr2,28500000,29000000,AA,0.5804946545859293,0.5201586878147316
chr2,29000000,29500000,AA,0.6488852083784076,0.6262956520037829
chr2,29500000,30000000,AA,0.3744446923541272,0.451550933730676
chr2,30000000,30500000,AA,0.4089261835894571,0.4335622091934534
chr2,30500000,31000000,AA,0.3657587106207517,0.3520142914651005
chr2,31000000,31500000,AA,0.2601562026845256,0.3522591336782303
chr2,31500000,32000000,AA,0.0522327204430988,0.1645920823706755
chr2,32000000,32500000,BA,-0.00414785024225,0.1635766438728864
chr2,32500000,33000000,BB,-0.0010727362293391,-0.0496809049839111
chr2,33000000,33500000,BB,-0.0113101802796406,-0.0199555176660961
chr2,33500000,34000000,BB,-0.167205291106338,-0.1337791283700181
chr2,34000000,34500000,BB,-0.4601865613688558,-0.4201939394584241
chr2,34500000,35000000,BB,-0.5098780064451613,-0.4738957055687576
chr2,35000000,35500000,BB,-0.555983077554856,-0.7183669689029974
chr2,35500000,36000000,BB,-0.5563173666513817,-0.7168368341518968
chr2,36000000,36500000,BB,-0.508228329067193,-0.6633688815980618
chr2,36500000,37000000,BB,-0.4954162038419995,-0.5135188569275152
chr2,37000000,37500000,BB,-0.4024992146061286,-0.4957661024190681
chr2,37500000,38000000,BB,-0.2710941339776012,-0.1603060755665942
chr2,38000000,38500000,AA,0.0078800358558515,0.1537682666754567
chr2,38500000,39000000,AA,0.0975941001845546,0.0919719325078788
chr2,39000000,39500000,AA,0.0845788564289289,0.0388906563292361
chr2,39500000,40000000,BB,-0.2944912962244254,-0.2288176529973699
chr2,40000000,40500000,BB,-0.5678069179843332,-0.6079584619095337
chr2,40500000,41000000,BB,-0.7279787403885164,-0.716314545565773
chr2,41000000,41500000,BB,-0.6355989337568235,-0.5804294144389696
chr2,41500000,42000000,BB,-0.4482005417078162,-0.2470685402814812
chr2,42000000,42500000,BB,-0.1140372232943215,-0.1086663100613356
chr2,42500000,43000000,AA,0.1183818269804706,0.1488302728625125
chr2,43000000,43500000,AA,0.2535365319667608,0.2579633132172915
chr2,43500000,44000000,BA,-0.0264330083986079,0.1085821087111308
chr2,44000000,44500000,AA,0.0723165323482025,0.3128737380864257
chr2,44500000,45000000,AA,0.1623513105885438,0.2555833742755518
chr2,45000000,45500000,AA,0.2567886454746531,0.4815525719492659
chr2,45500000,46000000,AA,0.3230770583071044,0.4421245021594973
chr2,46000000,46500000,AA,0.3703834374533014,0.3927622067891722
chr2,46500000,47000000,AA,0.2102573976671674,0.1888687209716855
chr2,47000000,47500000,AA,0.227084420008778,0.2933378170608416
chr2,47500000,48000000,BB,-0.0742520480331472,-0.0361374509994594
chr2,48000000,48500000,BB,-0.4796268509632343,-0.3177517483829024
chr2,48500000,49000000,BB,-0.6290226525738885,-0.4380344998405689
chr2,49000000,49500000,BB,-0.7858509330335215,-0.5939615532908493
chr2,49500000,50000000,BB,-0.8581290183404939,-0.7010495518988925
chr2,50000000,50500000,BB,-0.8918880501319404,-0.6920315505150552
chr2,50500000,51000000,BB,-0.963974453781328,-0.6897357419291822
chr2,51000000,51500000,BB,-0.8841229102758433,-0.8302785267413579
chr2,51500000,52000000,BB,-0.6266218052556233,-0.7581884739182795
chr2,52000000,52500000,BB,-0.5636218966498759,-0.6808551912919566
chr2,52500000,53000000,BB,-0.6190494051012396,-0.6167367750829942
chr2,53000000,53500000,BB,-0.586338409716243,-0.7556993403482403
chr2,53500000,54000000,BB,-0.4611244767293038,-0.443012174836749
chr2,54000000,54500000,BB,-0.1351470648555483,-0.1959898044384199
chr2,54500000,55000000,BB,-0.1185838756632179,-0.1865711036677517
chr2,55000000,55500000,BB,-0.1978268051694768,-0.1202910714271509
chr2,55500000,56000000,BB,-0.2766318556251922,-0.367521481598782
chr2,56000000,56500000,BB,-0.6636869087169972,-0.6454300265628594
chr2,56500000,57000000,BB,-0.7494281054734607,-0.6829934007329459
chr2,57000000,57500000,BB,-0.7463391729857004,-0.6065086886541563
chr2,57500000,58000000,BB,-0.7750034832451774,-0.71982386810258
chr2,58000000,58500000,BB,-0.6038798116096964,-0.7050066056766859
chr2,58500000,59000000,BB,-0.5645897557602466,-0.5744194060578305
chr2,59000000,59500000,BB,-0.5247907838738478,-0.4890345529722725
chr2,59500000,60000000,BB,-0.2187934796726893,-0.3051170677467683
chr2,60000000,60500000,AA,0.1828478080757646,0.0103470196691575
chr2,60500000,61000000,AA,0.1639830038831912,0.1129461718501738
chr2,61000000,61500000,AA,0.1497382703488884,0.2589987557787952
chr2,61500000,62000000,AA,0.1025516795431799,0.3532917482948629
chr2,62000000,62500000,AA,0.2785373157231974,0.2025806725379892
chr2,62500000,63000000,AA,0.2832329895958162,0.2168373468109029
chr2,63000000,63500000,AB,0.1165290735966793,-0.0340700330898435
chr2,63500000,64000000,BB,-0.0973148624871237,-0.1104621861139009
chr2,64000000,64500000,AA,0.1156207280373119,0.1334207712523351
chr2,64500000,65000000,AA,0.3288077724680171,0.2194788104068039
chr2,65000000,65500000,AA,0.2486846767314987,0.2494917349661762
chr2,65500000,66000000,AA,0.2906202560563145,0.0739151605764955
chr2,66000000,66500000,AB,0.0922675741456009,-0.205668243369544
chr2,66500000,67000000,BB,-0.2132928731615932,-0.3186002627388998
chr2,67000000,67500000,BB,-0.1346639131001909,-0.2816783762555961
chr2,67500000,68000000,BB,-0.041234874540122,-0.0935685198543395
chr2,68000000,68500000,AB,0.1550299285672443,-0.002495081948572
chr2,68500000,69000000,AA,0.1736680653023703,0.1409610184619927
chr2,69000000,69500000,AA,0.2553709500096515,0.2504893885105266
chr2,69500000,70000000,AA,0.3713973413012885,0.2758950886177417
chr2,70000000,70500000,AA,0.4471376731991936,0.3620421048993311
chr2,70500000,71000000,AA,0.4313224946669861,0.2838918554324785
chr2,71000000,71500000,AA,0.2680379641037241,0.2887458257981559
chr2,71500000,72000000,AA,0.3765283779723896,0.3787943032374473
chr2,72000000,72500000,AA,0.184681576940599,0.0236085369245164
chr2,72500000,73000000,AA,0.1272886186289319,0.1023170704453561
chr2,73000000,73500000,AA,0.4028815188020625,0.2923017459441217
chr2,73500000,74000000,AA,0.1814522825989253,0.2963022686598093
chr2,74000000,74500000,AA,0.5339615767798723,0.3955188275154285
chr2,74500000,75000000,AA,0.2601451739436733,0.2459120155930129
chr2,75000000,75500000,BB,-0.3033266161618741,-0.2017901596559947
chr2,75500000,76000000,BB,-0.5534468893662408,-0.3033960006931161
chr2,76000000,76500000,BB,-0.7257389108688569,-0.6929171255911464
chr2,76500000,77000000,BB,-0.6820734486972448,-0.5571227511060197
chr2,77000000,77500000,BB,-0.7430091704268046,-0.7394555459248137
chr2,77500000,78000000,BB,-0.6438140434972031,-0.3318618710730609
chr2,78000000,78500000,BB,-0.74083523456785,-0.5129673325645187
chr2,78500000,79000000,BB,-0.5541090077319883,-0.384402528988454
chr2,79000000,79500000,BB,-0.2796245279732803,-0.2832611521409827
chr2,79500000,80000000,BB,-0.2866117699122814,-0.4937778285582512
chr2,80000000,80500000,BB,-0.1141537792996703,-0.2729033576575653
chr2,80500000,81000000,AB,0.0060285274064847,-0.347619163616342
chr2,81000000,81500000,BB,-0.2189201425766815,-0.6094433067042896
chr2,81500000,82000000,BB,-0.338106574427012,-0.641164350951055
chr2,82000000,82500000,BB,-0.4329343171383379,-0.7043355581476701
chr2,82500000,83000000,BB,-0.5409453105424783,-0.7110357216854707
chr2,83000000,83500000,BB,-0.5382142840843609,-0.6953109788850542
chr2,83500000,84000000,BB,-0.4655653336208549,-0.5683267731151347
chr2,84000000,84500000,BB,-0.2365116078054945,-0.2521992652530776
chr2,84500000,85000000,BA,-0.0712883143025549,0.081810801147177
chr2,85000000,85500000,AA,0.2992479316987189,0.3774262708298382
chr2,85500000,86000000,AA,0.4119595171056865,0.4033470913610938
chr2,86000000,86500000,AA,0.5861768286888827,0.6093270664370494
chr2,88000000,88500000,AA,0.514808630005971,0.6535180108222874
chr2,88500000,89000000,AA,0.4500929776286104,0.5538130975868761
chr2,95000000,95500000,AA,0.7315833628623731,0.8228107279399615
chr2,96000000,96500000,AA,0.7157450868003111,0.8447348809000359
chr2,96500000,97000000,AA,0.633020253847123,0.8376464371073263
chr2,97500000,98000000,AA,0.5454648111855067,0.6236897964843542
chr2,98000000,98500000,AA,0.5857138489199949,0.5847972316831019
chr2,98500000,99000000,AA,0.4917570439100084,0.5219780298823247
chr2,99000000,99500000,AA,0.5022644761484958,0.4956044272898128
chr2,99500000,100000000,AA,0.3754237893117746,0.5857664005877681
chr2,100000000,100500000,AA,0.359285879176798,0.4805248307855408
chr2,100500000,101000000,AA,0.4016695645312048,0.6290537871353937
chr2,101000000,101500000,AA,0.3093839591826317,0.3677554521121076
chr2,101500000,102000000,AA,0.2484538324816554,0.2447035598015067
chr2,102000000,102500000,AA,0.1384564069930559,0.0439215480570196
chr2,102500000,103000000,BB,-0.040169755177748,-0.0508873947002314
chr2,103000000,103500000,BB,-0.1026924838408704,-0.142391983187938
chr2,103500000,104000000,BA,-0.0312913776055688,0.00292497018875
chr2,104000000,104500000,BB,-0.189427673088644,-0.000156932627905
chr2,104500000,105000000,AA,0.0519461341496254,0.2466899110278222
chr2,105000000,105500000,AA,0.0575751810640168,0.2966138912355149
chr2,105500000,106000000,AA,0.264544086589936,0.2683897428823026
chr2,106000000,106500000,AA,0.2369699374049499,0.2858562578136689
chr2,106500000,107000000,AA,0.18126662124415,0.1775086036705388
chr2,107000000,107500000,AA,0.0623122041549112,0.1244303315588904
chr2,107500000,108000000,AA,0.1665342379219848,0.2820040309446309
chr2,108000000,108500000,AA,0.3743237134202214,0.1660907152471702
chr2,108500000,109000000,AA,0.4008895095551402,0.5796108090332658
chr2,109000000,109500000,AA,0.5862770126073645,0.7571847468987293
chr2,110500000,111000000,AA,0.6733711765092846,0.6498794157559555
chr2,112000000,112500000,AA,0.2972022883905494,0.4689426408632449
chr2,112500000,113000000,AA,0.3030134885806502,0.5050069485545999
chr2,113000000,113500000,AA,0.1416174365358328,0.4825767747900985
chr2,113500000,114000000,BA,-0.2063367426034457,0.1067940410948766
chr2,114000000,114500000,BB,-0.41776911597582,-0.3109463360164339
chr2,114500000,115000000,BB,-0.6313292858305888,-0.5232563734129606
chr2,115000000,115500000,BB,-0.7769600783660606,-0.6619056253858876
chr2,115500000,116000000,BB,-0.6284379664479549,-0.6210349106314419
chr2,116000000,116500000,BB,-0.6213088649781238,-0.6136618057925557
chr2,116500000,117000000,BB,-0.685547307466757,-0.56408716590875
chr2,117000000,117500000,BB,-0.5219604922693426,-0.5145318843531731
chr2,117500000,118000000,BB,-0.2339354843495205,-0.1559593382027911
chr2,118000000,118500000,BA,-0.1659513627048114,0.1329593791388572
chr2,118500000,119000000,BB,-0.1544271507186152,-0.0652925261923505
chr2,119000000,119500000,AA,0.0193244996230634,0.1123286297363646
chr2,119500000,120000000,BB,-0.1389474071494037,-0.1270198548747541
chr2,120000000,120500000,AA,0.047510756648126,0.2579726152017464
chr2,120500000,121000000,AA,0.2984744666310451,0.5261034902746133
chr2,121000000,121500000,AA,0.2454167387065882,0.397778014291576
chr2,121500000,122000000,AA,0.1572907479319087,0.0841597722895509
chr2,122000000,122500000,BB,-0.2861714111194489,-0.1620624235690288
chr2,122500000,123000000,BB,-0.8320306472776894,-0.5386756521282008
chr2,123000000,123500000,BB,-0.8485864728726775,-0.6674400329107775
chr2,123500000,124000000,BB,-0.6957810707657831,-0.764629080743912
chr2,124000000,124500000,BB,-0.6921433493133057,-0.6660513940861269
chr2,124500000,125000000,BB,-0.6621712570632823,-0.645795797984974
chr2,125000000,125500000,BB,-0.6567254083581555,-0.6839674243694697
chr2,125500000,126000000,BB,-0.5346420446468105,-0.5868352510143595
chr2,126000000,126500000,BB,-0.5013248489964256,-0.368221759652641
chr2,126500000,127000000,BA,-0.0798359557962281,0.0067186912316509
chr2,127000000,127500000,AA,0.1959856926345624,0.1677522418041143
chr2,127500000,128000000,AA,0.3166524948014182,0.2564300516476255
chr2,128000000,128500000,AA,0.3398301468871116,0.3459727463357371
chr2,128500000,129000000,AA,0.262884205331976,0.3368762683621102
chr2,129000000,129500000,AA,0.2356839819944111,0.2332859814522917
chr2,129500000,130000000,AA,0.446727509957998,0.4811239867494063
chr2,131000000,131500000,AA,0.3433002719371776,0.5188988056462902
chr2,132500000,133000000,AB,0.0143973080407813,-0.0243906981809179
chr2,133000000,133500000,BA,-0.0621788250237683,0.0721201394452293
chr2,133500000,134000000,AA,0.0024326537004667,0.1258580197894314
chr2,134000000,134500000,AA,0.2938576012703284,0.2431379267708588
chr2,134500000,135000000,AA,0.1434457546242875,0.0879943419636199
chr2,135000000,135500000,AA,0.024249756734369,0.1601057922170543
chr2,135500000,136000000,AA,0.0271177378915417,0.2400165963181822
chr2,136000000,136500000,BB,-0.0248183296619929,-0.0052107264609214
chr2,136500000,137000000,BB,-0.1599200893905147,-0.1718447619008518
chr2,137000000,137500000,BB,-0.322433176825724,-0.2015483490506081
chr2,137500000,138000000,BB,-0.1506613742840474,-0.1854234909555519
chr2,138000000,138500000,BB,-0.2347362468949397,-0.1007913575815053
chr2,138500000,139000000,BA,-0.169985325738797,0.0580441446715343
chr2,139000000,139500000,BB,-0.4796025610087244,-0.2059288976325791
chr2,139500000,140000000,BB,-0.512111055896479,-0.3192068561721093
chr2,140000000,140500000,BB,-0.413278842169751,-0.505545949744977
chr2,140500000,141000000,BB,-0.5673513450623435,-0.5659300071815059
chr2,141000000,141500000,BB,-0.4640898242030067,-0.577994969750092
chr2,141500000,142000000,BB,-0.5710767908075847,-0.5440177509988422
chr2,142000000,142500000,BB,-0.516391541832288,-0.5098039693950274
chr2,142500000,143000000,BB,-0.3578134089807964,-0.4233266985859912
chr2,143000000,143500000,BB,-0.3917166817106717,-0.3434409588171509
chr2,143500000,144000000,BB,-0.1518941269382906,-0.238538402112582
chr2,144000000,144500000,BB,-0.3999229607289915,-0.3493449284450086
chr2,144500000,145000000,BB,-0.2963167378864929,-0.4072192745524453
chr2,145000000,145500000,BB,-0.4194217741041166,-0.4687055913061311
chr2,145500000,146000000,BB,-0.4600190100341605,-0.5753462787656068
chr2,146000000,146500000,BB,-0.4478646673524725,-0.5734873095969428
chr2,146500000,147000000,BB,-0.3939908459500135,-0.4181581997115116
chr2,147000000,147500000,BB,-0.190683764123949,-0.3723266309705132
chr2,147500000,148000000,BB,-0.0966984366826874,-0.3627763740009812
chr2,148000000,148500000,BB,-0.1713765663713896,-0.267980290960944
chr2,148500000,149000000,AA,0.1443522933729489,0.1016027876442756
chr2,149000000,149500000,AA,0.1128377964048824,0.1675883882019321
chr2,149500000,150000000,BB,-0.0920682252409869,-0.1180670417856799
chr2,150000000,150500000,BB,-0.1018608487008866,-0.2143550687127005
chr2,150500000,151000000,BB,-0.181181297720235,-0.2636438538148455
chr2,151000000,151500000,BB,-0.0541528584130247,-0.1118808049052
chr2,151500000,152000000,BB,-0.0751831646463762,-0.1082839653428578
chr2,152000000,152500000,BB,-0.02598105496387,-0.1088402919940633
chr2,152500000,153000000,BB,-0.0073977692880089,-0.2560671166625917
chr2,153000000,153500000,BB,-0.162323618235668,-0.3168281801798525
chr2,153500000,154000000,BB,-0.4214690994603936,-0.4118824614275835
chr2,154000000,154500000,BB,-0.4316085903317328,-0.5436620059802433
chr2,154500000,155000000,BB,-0.4954051110471069,-0.5680047104968746
chr2,155000000,155500000,BB,-0.432977994641734,-0.5779566189763615
chr2,155500000,156000000,BB,-0.4346289542625159,-0.4038907671934418
chr2,156000000,156500000,AB,0.0023547020394601,-0.1438698961564927
chr2,156500000,157000000,BB,-0.1237519920270157,-0.2921480656010264
chr2,157000000,157500000,BB,-0.2626596177019607,-0.3386812051670911
chr2,157500000,158000000,BB,-0.210673798803352,-0.2635020983232287
chr2,158000000,158500000,BB,-0.1459453999883815,-0.1971460316361871
chr2,158500000,159000000,BB,-0.0625496969299682,-0.0613711609463838
chr2,159000000,159500000,AB,0.0412190575758705,-0.1266319011562811
chr2,159500000,160000000,BB,-0.2085298299724978,-0.3116102465320009
chr2,160000000,160500000,BB,-0.1448172682019289,-0.2874727780985495
chr2,160500000,161000000,BB,-0.4536370758299243,-0.2234876362003977
chr2,161000000,161500000,BB,-0.3371938124031148,-0.3065819829915953
chr2,161500000,162000000,BB,-0.4130356851993496,-0.4199528625820845
chr2,162000000,162500000,BB,-0.449513962653754,-0.454559737501601
chr2,162500000,163000000,BB,-0.4906551445444653,-0.6735574695446357
chr2,163000000,163500000,BB,-0.4884551212301151,-0.545537976653906
chr2,163500000,164000000,BB,-0.5955644692501281,-0.4534937026983712
chr2,164000000,164500000,BB,-0.6429958598957425,-0.7367500927037247
chr2,164500000,165000000,BB,-0.5620737713139607,-0.601459642376599
chr2,165000000,165500000,BB,-0.5512520789176115,-0.5635356979023447
chr2,165500000,166000000,BB,-0.581811271799505,-0.5504634542047613
chr2,166000000,166500000,BB,-0.6905447169173782,-0.5816293231596612
chr2,166500000,167000000,BB,-0.7183772619325173,-0.6170845170316229
chr2,167000000,167500000,BB,-0.7355610554781918,-0.6222129180440795
chr2,167500000,168000000,BB,-0.6056833936703663,-0.5671113685336822
chr2,168000000,168500000,BB,-0.4513483229667125,-0.4717367847490746
chr2,168500000,169000000,BB,-0.4185286756230985,-0.4807349577197116
chr2,169000000,169500000,BB,-0.1945161944990731,-0.2831757307554397
chr2,169500000,170000000,BB,-0.0941510536173621,-0.1041327791705556
chr2,170000000,170500000,AB,0.0920496051997081,-0.0419168166723197
chr2,170500000,171000000,AA,0.3045544429955139,0.3291839233774388
chr2,171000000,171500000,AA,0.1457933914749305,0.1761154898837449
chr2,171500000,172000000,AA,0.0581212283105089,0.1403713107862256
chr2,172000000,172500000,AA,0.5354581399020473,0.4360777767982347
chr2,172500000,173000000,AA,0.3712175755090224,0.1300064301957131
chr2,173000000,173500000,AB,0.1224095150905515,-0.1299122700141871
chr2,173500000,174000000,AB,0.0126943286459618,-0.0314548313060902
chr2,174000000,174500000,AB,0.056242313209619,-0.1217204159963363
chr2,174500000,175000000,AB,0.1118617084510862,-0.1021773641915194
chr2,175000000,175500000,AA,0.033921145122901,0.0243824002972884
chr2,175500000,176000000,AA,0.160464261382475,0.1096804900045982
chr2,176000000,176500000,AB,0.0563570974314355,-0.0152003630266572
chr2,176500000,177000000,BB,-0.145394392791087,-0.0286869953777467
chr2,177000000,177500000,BB,-0.1733429853347249,-0.1196265039657296
chr2,177500000,178000000,BB,-0.3417090592768682,-0.1502301518264266
chr2,178000000,178500000,BB,-0.1260564943624494,-0.1109793319016251
chr2,178500000,179000000,AA,0.1690453949787259,0.1468748395633005
chr2,179000000,179500000,BB,-0.1808611074748824,-0.0550139213594348
chr2,179500000,180000000,BB,-0.3805406123026581,-0.2511884526539434
chr2,180000000,180500000,BB,-0.4651682536698757,-0.4344354064276815
chr2,180500000,181000000,BB,-0.6005656062593098,-0.3885444817510886
chr2,181000000,181500000,BB,-0.3331794550171821,-0.2954091774392883
chr2,181500000,182000000,BB,-0.3591741152548962,-0.300273499994723
chr2,182000000,182500000,BB,-0.3064644877752802,-0.3172248027111208
chr2,182500000,183000000,BB,-0.1255898544041097,-0.1791036835174086
chr2,183000000,183500000,BB,-0.0976635829886426,-0.071072625282872
chr2,183500000,184000000,BB,-0.2425021838021616,-0.3843015875064575
chr2,184000000,184500000,BB,-0.3984517838669923,-0.3395251005218562
chr2,184500000,185000000,BB,-0.5558674275510096,-0.4277929917359855
chr2,185000000,185500000,BB,-0.5355819551618254,-0.5685111448602163
chr2,185500000,186000000,BB,-0.4229564882497674,-0.35690036585686
chr2,186000000,186500000,BB,-0.174811423143655,-0.2260354714422613
chr2,186500000,187000000,BB,-0.3055256220673455,-0.2479628744027092
chr2,187000000,187500000,BB,-0.5401117050472444,-0.57649182609124
chr2,187500000,188000000,BB,-0.5606511568301342,-0.5885521988544712
chr2,188000000,188500000,BB,-0.4463395745814136,-0.5987833691749846
chr2,188500000,189000000,BB,-0.2899083462568533,-0.5630769649450632
chr2,189000000,189500000,BB,-0.2008804123493583,-0.4089335269373531
chr2,189500000,190000000,AB,0.0257221112081856,-0.136318893141869
chr2,190000000,190500000,AA,0.2965293944726305,0.2000263887454909
chr2,190500000,191000000,AA,0.063609802008477,0.00751704597866
chr2,191000000,191500000,AB,0.016777497789605,-0.2138189137627806
chr2,191500000,192000000,BB,-0.0988118587375621,-0.2157876373748548
chr2,192000000,192500000,BB,-0.5559818538249003,-0.4166104871725765
chr2,192500000,193000000,BB,-0.6295402585426245,-0.4120565312233578
chr2,193000000,193500000,BB,-0.6598238280782746,-0.4053720806100063
chr2,193500000,194000000,BB,-0.657279581491498,-0.4945629320479396
chr2,194000000,194500000,BB,-0.6784390220248001,-0.5375291024786658
chr2,194500000,195000000,BB,-0.4589219543635822,-0.526665784784123
chr2,195000000,195500000,BB,-0.3728321646393802,-0.368167434122514
chr2,195500000,196000000,BB,-0.2079677029306155,-0.1633723675431147
chr2,196000000,196500000,BB,-0.0357925342732983,-0.1091880999557435
chr2,196500000,197000000,BB,-0.1474818961197906,-0.1427998518648833
chr2,197000000,197500000,AB,0.0973749572349287,-0.0466185013193997
chr2,197500000,198000000,BB,-0.210391047617622,-0.2276222804361228
chr2,198000000,198500000,BB,-0.4347313952038957,-0.5131879500364388
chr2,198500000,199000000,BB,-0.655389957721375,-0.7097068719323343
chr2,199000000,199500000,BB,-0.404582281046292,-0.4758978842845668
chr2,199500000,200000000,BB,-0.2963627064325991,-0.1964113343298952
chr2,200000000,200500000,BB,-0.153573627104136,-0.0595611523052076
chr2,200500000,201000000,AA,0.190372036486145,0.0331166014694304
chr2,201000000,201500000,BA,-0.0213830527290595,0.0595683512664073
chr2,201500000,202000000,AA,0.0798002375415108,0.042186458075581
chr2,202000000,202500000,AA,0.0299185865950812,0.0436854153975516
chr2,202500000,203000000,BB,-0.2097937714381883,-0.0713363702282073
chr2,203000000,203500000,BB,-0.0519573821524922,-0.1263217290206835
chr2,203500000,204000000,BB,-0.1942888229676257,-0.1714652165003535
chr2,204000000,204500000,BB,-0.2867822614691215,-0.1791089075875036
chr2,204500000,205000000,BB,-0.4538627316522479,-0.4124755850610395
chr2,205000000,205500000,BB,-0.3837958250762349,-0.301163722748152
chr2,205500000,206000000,BB,-0.1314655697261013,-0.0657175009671814
chr2,206000000,206500000,BB,-0.2132531254936295,-0.1429794321380083
chr2,206500000,207000000,BB,-0.3019678866407393,-0.2573992891189659
chr2,207000000,207500000,AA,0.0373126749263691,0.0997382815695496
chr2,207500000,208000000,AA,0.0155111129112077,0.1387976585819867
chr2,208000000,208500000,BB,-0.3341741896054085,-0.2149240404654581
chr2,208500000,209000000,BB,-0.6609366636420992,-0.3549225733950714
chr2,209000000,209500000,BB,-0.6348852562758521,-0.4829314844304077
chr2,209500000,210000000,BB,-0.4359125755790559,-0.4190173039334338
chr2,210000000,210500000,BB,-0.4780988884188112,-0.402621191381219
chr2,210500000,211000000,BB,-0.6102071423887349,-0.5095199577225071
chr2,211000000,211500000,BB,-0.947625338235512,-0.7270399017300327
chr2,211500000,212000000,BB,-1.051268467251491,-0.7599866384638779
chr2,212000000,212500000,BB,-0.992016396149738,-0.8700951747172374
chr2,212500000,213000000,BB,-0.78273411706794,-0.6309722462406279
chr2,213000000,213500000,BB,-0.7128556302494866,-0.8002574053073163
chr2,213500000,214000000,BB,-0.4746302187996071,-0.5496865541913901
chr2,214000000,214500000,BB,-0.3863200186414343,-0.2345382966224097
chr2,214500000,215000000,BB,-0.5948960253528461,-0.6147665816733346
chr2,215000000,215500000,BB,-0.4499550444351073,-0.4850846299756205
chr2,215500000,216000000,BB,-0.3701899382209199,-0.3659338541651887
chr2,216000000,216500000,BB,-0.0225239437002935,-0.1312596562385531
chr2,216500000,217000000,AA,0.3911667128211869,0.3100677007844132
chr2,217000000,217500000,AA,0.4263674615635678,0.325845206722569
chr2,217500000,218000000,AA,0.5772511865112538,0.4194001921511159
chr2,218000000,218500000,AA,0.4872983850354738,0.5591555403224298
chr2,218500000,219000000,AA,0.5133494137160521,0.4443010917255846
chr2,219000000,219500000,AA,0.5476584571944544,0.5971234456145155
chr2,219500000,220000000,AA,0.2960639987540372,0.2581114563554596
chr2,220000000,220500000,BB,-0.1082288769171455,-0.1748279755411258
chr2,220500000,221000000,BB,-0.3980752461700402,-0.4842847735570023
chr2,221000000,221500000,BB,-0.5056648419950127,-0.6827415517490772
chr2,221500000,222000000,BB,-0.522615251783692,-0.5939481354437506
chr2,222000000,222500000,BB,-0.5949169397491888,-0.6082647299449206
chr2,222500000,223000000,BB,-0.5706124567736969,-0.5614215949770786
chr2,223000000,223500000,BB,-0.6176746915815269,-0.7974879351196082
chr2,223500000,224000000,BB,-0.4793885872983856,-0.5690589649825741
chr2,224000000,224500000,BB,-0.460698829382975,-0.4174036171722514
chr2,224500000,225000000,BB,-0.6924135247426811,-0.6607683646758159
chr2,225000000,225500000,BB,-0.8844835353337133,-0.7697989032499039
chr2,225500000,226000000,BB,-0.9410362614741444,-0.8708683525654723
chr2,226000000,226500000,BB,-0.8354517394651014,-0.8698476822845441
chr2,226500000,227000000,BB,-0.7655391088267824,-0.8516195784145556
chr2,227000000,227500000,BB,-0.5468971901926635,-0.9080359045934048
chr2,227500000,228000000,BB,-0.3529761812420267,-0.6537371393707142
chr2,228000000,228500000,BB,-0.6852478414350069,-0.6944269859630743
chr2,228500000,229000000,BB,-0.5792490571158446,-0.6359100998161138
chr2,229000000,229500000,BB,-0.4966928798346797,-0.4112559563179367
chr2,229500000,230000000,BB,-0.0390883362534119,-0.194837237342578
chr2,230000000,230500000,BB,-0.0381869226842541,-0.1442657564428889
chr2,230500000,231000000,AA,0.2591702539563106,0.0469581238149854
chr2,231000000,231500000,AA,0.4518520403844865,0.4167742354496085
chr2,231500000,232000000,AA,0.5143579076871662,0.4764873389382769
chr2,232000000,232500000,AA,0.4361335157448769,0.4171336763003904
chr2,232500000,233000000,AA,0.5068594455340623,0.5177392806613339
chr2,233000000,233500000,AA,0.553793101186129,0.5872110270635501
chr2,233500000,234000000,AA,0.4604075913952742,0.3738758941303853
chr2,234000000,234500000,AA,0.5094515831472404,0.506731537319465
chr2,234500000,235000000,AA,0.4237226460239861,0.4851115601314091
chr2,235000000,235500000,AA,0.5704652949532092,0.5834628275991095
chr2,235500000,236000000,AA,0.620753485304033,0.6123396710038729
chr2,236000000,236500000,AA,0.5871634525276739,0.7299546171686818
chr2,236500000,237000000,AA,0.6013056014004227,0.5976100788374533
chr2,237000000,237500000,AA,0.5684214459177886,0.7212419389675623
chr2,237500000,238000000,AA,0.7123723991559239,0.7161619161883765
chr2,238000000,238500000,AA,0.7272695350085318,0.6424153011635177
chr2,238500000,239000000,AA,0.8176208764878812,0.7353611407804798
chr2,239000000,239500000,AA,0.7627921780123721,0.5755196089944152
chr2,239500000,240000000,AA,0.6563297809267106,0.7240930332210589
chr2,240000000,240500000,AA,0.6743234108254502,0.5647594635861087
chr2,241000000,241500000,AA,0.7402063937384666,0.5664832970560241
chr2,241500000,242000000,AA,0.7853940005168376,0.6384096217428267
chr3,0,500000,BB,-1.2362435527191993,-1.3400767575536765
chr3,500000,1000000,BB,-1.2213947619705443,-1.2793787543932884
chr3,1000000,1500000,BB,-1.256454616801671,-1.2677271395999936
chr3,1500000,2000000,BB,-1.093130129447995,-1.208336414537352
chr3,2000000,2500000,BB,-1.026251053661955,-1.137701798103932
chr3,2500000,3000000,BB,-0.8879705490540728,-1.061880330863744
chr3,3000000,3500000,BB,-0.7495403746432475,-0.9140289481905448
chr3,3500000,4000000,BB,-0.6626420167541947,-0.7734256424703029
chr3,4000000,4500000,BB,-0.5062723975547131,-0.6870701235068142
chr3,4500000,5000000,BB,-0.3346491471938785,-0.5167154703001264
chr3,5000000,5500000,BB,-0.2920776015771734,-0.5827867347626042
chr3,5500000,6000000,BB,-0.3033644928182635,-0.4600709105545087
chr3,6000000,6500000,BB,-0.5820825983160679,-0.5304491901826375
chr3,6500000,7000000,BB,-0.5904355041455779,-0.7267287893995213
chr3,7000000,7500000,BB,-0.5274887629191232,-0.6594991093279208
chr3,7500000,8000000,BB,-0.1940793701675478,-0.4832735745655668
chr3,8000000,8500000,BB,-0.1234661000041652,-0.2503772486446177
chr3,8500000,9000000,AA,0.2003345375240152,0.0517255095509827
chr3,9000000,9500000,AA,0.3218020197615494,0.1628063723941289
chr3,9500000,10000000,AA,0.4460666100460715,0.3607879966395606
chr3,10000000,10500000,AA,0.6635710296937721,0.4765495576908402
chr3,10500000,11000000,AA,0.5821175218576741,0.5035533315940717
chr3,11000000,11500000,AA,0.5015948053126185,0.4588735563352189
chr3,11500000,12000000,AA,0.4471396080220991,0.468106701139738
chr3,12000000,12500000,AA,0.3739831419616214,0.3614389172702492
chr3,12500000,13000000,AA,0.5892763175129399,0.6501470304421845
chr3,13000000,13500000,AA,0.7440179464921185,0.7104072218030774
chr3,13500000,14000000,AA,0.649593575648399,0.5419322866786932
chr3,14000000,14500000,AA,0.6447053579339052,0.476251380140917
chr3,14500000,15000000,AA,0.6376209655567232,0.4685035995620706
chr3,15000000,15500000,AA,0.3301638561736877,0.2165604376168071
chr3,15500000,16000000,AB,0.0367432402634895,-0.0650619338209966
chr3,16000000,16500000,AB,0.0143510801483765,-0.1206173595245569
chr3,16500000,17000000,BB,-0.3819906193180919,-0.4207528362497777
chr3,17000000,17500000,BB,-0.6310426184766617,-0.6064366470448289
chr3,17500000,18000000,BB,-0.8353538397095666,-0.7621194114123251
chr3,18000000,18500000,BB,-0.7939370380490679,-0.7794620685482135
chr3,18500000,19000000,BB,-0.7725978951229243,-0.794201020191042
chr3,19000000,19500000,BB,-0.6867256088400088,-0.6756782370554243
chr3,19500000,20000000,BB,-0.3940905018938859,-0.5568836020748734
chr3,20000000,20500000,BB,-0.3022920029058843,-0.4926514037224158
chr3,20500000,21000000,BB,-0.4854382645948796,-0.6062348697932115
chr3,21000000,21500000,BB,-0.6333148374931177,-0.7867132426019956
chr3,21500000,22000000,BB,-0.67614367143762,-0.8889563093032654
chr3,22000000,22500000,BB,-0.6663520248971184,-0.779949891736127
chr3,22500000,23000000,BB,-0.7257811324412726,-0.6491104832266047
chr3,23000000,23500000,BB,-0.7103313341785706,-0.6326606607865749
chr3,23500000,24000000,BB,-0.5402253390936061,-0.5732692146058215
chr3,24000000,24500000,BB,-0.6661538055131976,-0.6899931456862984
chr3,24500000,25000000,BB,-0.7672155137801911,-0.7706152648280116
chr3,25000000,25500000,BB,-0.6597833255633185,-0.7628077687108741
chr3,25500000,26000000,BB,-0.3992984658891673,-0.4954668577812678
chr3,26000000,26500000,BB,-0.5274123566283894,-0.6097778276946243
chr3,26500000,27000000,BB,-0.4309688636099223,-0.5368346735986667
chr3,27000000,27500000,BB,-0.2790809112213341,-0.505090876452493
chr3,27500000,28000000,BB,-0.473797482264144,-0.6902034020421484
chr3,28000000,28500000,BB,-0.5542673482810111,-0.8732756675984439
chr3,28500000,29000000,BB,-0.5963938224094416,-0.7225484636445646
chr3,29000000,29500000,BB,-0.7191540959935561,-0.8184890015111418
chr3,29500000,30000000,BB,-0.7601053091353427,-0.8166978494623767
chr3,30000000,30500000,BB,-0.6067314491398297,-0.6946538070240079
chr3,30500000,31000000,BB,-0.4313783576830234,-0.6779833086566878
chr3,31000000,31500000,BB,-0.357654099194523,-0.6088410874559599
chr3,31500000,32000000,AB,0.033254943688092,-0.2156368994555502
chr3,32000000,32500000,BB,-0.0118492289281726,-0.1947029321364161
chr3,32500000,33000000,BB,-0.085079730102779,-0.1999342566883269
chr3,33000000,33500000,BB,-0.050949427946785,-0.2275161149460082
chr3,33500000,34000000,BB,-0.0212564670853853,-0.1418973319996337
chr3,34000000,34500000,BB,-0.2015285792903272,-0.3320215240859102
chr3,34500000,35000000,BB,-0.4958648074273592,-0.6941262211666986
chr3,35000000,35500000,BB,-0.5985467794481676,-0.8644266650835958
chr3,35500000,36000000,BB,-0.6125829035569632,-0.7462255743869634
chr3,36000000,36500000,BB,-0.5738425402498402,-0.597212527984081
chr3,36500000,37000000,BB,-0.2086445468446542,-0.4650697067178018
chr3,37000000,37500000,BB,-0.2184819146486967,-0.2344830127761824
chr3,37500000,38000000,AB,0.1182461615534485,-0.0778338804987878
chr3,38000000,38500000,AA,0.2329735823637425,0.013420250318009
chr3,38500000,39000000,AA,0.2436304869739921,0.1413290757151726
chr3,39000000,39500000,AA,0.3008297999056835,0.313620399022304
chr3,39500000,40000000,AA,0.1305490888758029,0.1065056859028236
chr3,40000000,40500000,AA,0.1432109379492541,0.259292082249974
chr3,40500000,41000000,AA,0.2027059891189855,0.2163034192666877
chr3,41000000,41500000,AA,0.3770006534421575,0.2425581079197804
chr3,41500000,42000000,AA,0.3099669411578981,0.260577039519707
chr3,42000000,42500000,AA,0.3457117633965509,0.3108231380331945
chr3,42500000,43000000,AA,0.2790876967669255,0.5099337861386051
chr3,43000000,43500000,AA,0.3194061387744198,0.4393384159436266
chr3,43500000,44000000,AA,0.3426376462662889,0.4729986651324221
chr3,44000000,44500000,AA,0.2485180307018323,0.5155630857402805
chr3,44500000,45000000,AA,0.4827910150414569,0.5748165629716221
chr3,45000000,45500000,AA,0.5193166477152469,0.5183318786534911
chr3,45500000,46000000,AA,0.557731121618138,0.5321472104379488
chr3,46000000,46500000,AA,0.574843745918953,0.4513783650731173
chr3,46500000,47000000,AA,0.6142390369734154,0.5485468745142609
chr3,47000000,47500000,AA,0.6811461529725219,0.5287756786453741
chr3,47500000,48000000,AA,0.6474738304685858,0.6209028622125218
chr3,48000000,48500000,AA,0.7098941850040519,0.6495522468274397
chr3,48500000,49000000,AA,0.7134776693373412,0.7379145931449058
chr3,49000000,49500000,AA,0.6863723436378916,0.7557035235284179
chr3,49500000,50000000,AA,0.7128800433441358,0.7602477361152931
chr3,50000000,50500000,AA,0.6908951827920932,0.7415575430388596
chr3,50500000,51000000,AA,0.6689525977386561,0.6422032792143316
chr3,51000000,51500000,AA,0.6860878066004162,0.6198349554799845
chr3,51500000,52000000,AA,0.682175661997285,0.6434913395106288
chr3,52000000,52500000,AA,0.7400003663283717,0.7225812305211591
chr3,52500000,53000000,AA,0.6142498985378853,0.6358770666292185
chr3,53000000,53500000,AA,0.6182913066338377,0.5812809172225137
chr3,53500000,54000000,AA,0.5181831494685712,0.5376058601569373
chr3,54000000,54500000,AA,0.4085500635189097,0.4426024064872855
chr3,54500000,55000000,AA,0.3387935205695824,0.4914743510288472
chr3,55000000,55500000,AA,0.4281870580063209,0.339994637211465
chr3,55500000,56000000,AA,0.2797736499199459,0.3867342827690662
chr3,56000000,56500000,AA,0.2567475394188001,0.2046710205268748
chr3,56500000,57000000,AA,0.4535996698990835,0.2530149430500004
chr3,57000000,57500000,AA,0.3440815669296165,0.2866334365045962
chr3,57500000,58000000,AA,0.2819190084880112,0.3304265143444126
chr3,58000000,58500000,AA,0.291385293745264,0.2923473723827453
chr3,58500000,59000000,AA,0.2292360009229874,0.1885327371637079
chr3,59000000,59500000,BA,-0.0579337647494067,0.0049291190796296
chr3,59500000,60000000,BB,-0.0960313728811731,-0.0761175269226905
chr3,60000000,60500000,BB,-0.2158499409703665,-0.0715422226403637
chr3,60500000,61000000,BB,-0.2571491273909646,-0.2681556215504643
chr3,61000000,61500000,BB,-0.2755927435672982,-0.3778938030381618
chr3,61500000,62000000,BB,-0.3596220217258711,-0.4070659229071376
chr3,62000000,62500000,BB,-0.328557100092335,-0.3589267585482825
chr3,62500000,63000000,BB,-0.5040520039724249,-0.3954881804327719
chr3,63000000,63500000,BB,-0.3994269735340205,-0.3950665205386978
chr3,63500000,64000000,BB,-0.2848668473431585,-0.2471001536671358
chr3,64000000,64500000,BB,-0.2196255475575603,-0.1985814567779277
chr3,64500000,65000000,BB,-0.2755564896418454,-0.3898424590254311
chr3,65000000,65500000,BB,-0.3737340557252185,-0.3294659451649211
chr3,65500000,66000000,BB,-0.2853893558625096,-0.2745800681787532
chr3,66000000,66500000,BB,-0.2157306447152253,-0.2810426154957507
chr3,66500000,67000000,BB,-0.4238305601018552,-0.4632999025812818
chr3,67000000,67500000,BB,-0.5822493612797873,-0.5352868802581232
chr3,67500000,68000000,BB,-0.5758078467658725,-0.4826126325917785
chr3,68000000,68500000,BB,-0.5322469074310613,-0.5657590872520027
chr3,68500000,69000000,BB,-0.327266225715359,-0.437813616894913
chr3,69000000,69500000,BB,-0.324053796396971,-0.2620128133454298
chr3,69500000,70000000,BB,-0.408239867360138,-0.3930320179707822
chr3,70000000,70500000,BB,-0.5816381841185516,-0.6883361229630226
chr3,70500000,71000000,BB,-0.5161392189139139,-0.5691352392370327
chr3,71000000,71500000,BB,-0.3072782133372371,-0.2985982705635716
chr3,71500000,72000000,BB,-0.3389533936916774,-0.2524176342753305
chr3,72000000,72500000,BB,-0.0441970101137775,-0.0669093347570381
chr3,72500000,73000000,BB,-0.1480520483600928,-0.1180587821229856
chr3,73000000,73500000,BB,-0.3976262332586966,-0.3015044662597039
chr3,73500000,74000000,BB,-0.6067848871493666,-0.5081549631212424
chr3,74000000,74500000,BB,-0.6911667324320271,-0.5920146882105685
chr3,74500000,75000000,BB,-0.7069062227355867,-0.7704104102821099
chr3,75000000,75500000,BB,-0.362165130486022,-0.5299289243388593
chr3,75500000,76000000,BB,-0.4557839861110661,-0.3622468936584848
chr3,76000000,76500000,BB,-0.8490372854313674,-0.6057004909851761
chr3,76500000,77000000,BB,-0.8999498913820211,-0.5652015428750679
chr3,77000000,77500000,BB,-0.6488417709904416,-0.6135750669867398
chr3,77500000,78000000,BB,-0.6159322955051771,-0.5546547360630061
chr3,78000000,78500000,BB,-0.5376304690015881,-0.4622069180406075
chr3,78500000,79000000,BB,-0.5840298572728634,-0.5777727371733923
chr3,79000000,79500000,BB,-0.5106863036534963,-0.4630672586761925
chr3,79500000,80000000,BB,-0.5303995065350215,-0.4630795027109947
chr3,80000000,80500000,BB,-0.466697202399052,-0.4853429299427436
chr3,80500000,81000000,BB,-0.4227887145687929,-0.2469497461279091
chr3,81000000,81500000,BB,-0.3253053777768204,-0.3240395635405232
chr3,81500000,82000000,BB,-0.3880668794834749,-0.2787071959119347
chr3,82000000,82500000,BB,-0.3798453924191026,-0.2273006479912907
chr3,82500000,83000000,BB,-0.4362918282768009,-0.2861414551533922
chr3,83000000,83500000,BB,-0.4698563442871432,-0.2873980309469512
chr3,83500000,84000000,BB,-0.5627426597874258,-0.3461925497919
chr3,84000000,84500000,BB,-0.3791898622475114,-0.4286955687276049
chr3,84500000,85000000,BB,-0.3762685582871483,-0.4402758238447719
chr3,85000000,85500000,BB,-0.3869973604939135,-0.5431338245209247
chr3,85500000,86000000,BB,-0.3805393983839762,-0.4780779797311427
chr3,86000000,86500000,BB,-0.3605070841611069,-0.3336883915995312
chr3,86500000,87000000,BB,-0.284366544353022,-0.3807554426849122
chr3,87000000,87500000,BB,-0.3704249030115516,-0.3159842335733547
chr3,87500000,88000000,BB,-0.380899038431336,-0.2024057333194174
chr3,88000000,88500000,BB,-0.4558838008749638,-0.2123814766038605
chr3,88500000,89000000,BB,-0.3594873095118356,-0.1431283431137141
chr3,94000000,94500000,AB,0.1834781142493805,-0.6232760317151135
chr3,94500000,95000000,AB,0.2453865826629412,-0.7146127006828868
chr3,96000000,96500000,AB,0.3785207919113484,-0.630582421185675
chr3,96500000,97000000,AB,0.466726598712717,-0.6183480060604362
chr3,97000000,97500000,AB,0.2254996069363152,-0.7263338467754594
chr3,97500000,98000000,AB,0.206995574730723,-0.6343986379733585
chr3,98000000,98500000,AB,0.370544148900241,-0.3927368998591435
chr3,98500000,99000000,AB,0.3501326110978162,-0.5331628093058433
chr3,99000000,99500000,AB,0.4231763701580514,-0.3460547688609315
chr3,99500000,100000000,AB,0.3325905000727737,-0.0653428219971705
chr3,100000000,100500000,AB,0.3200128881667815,-0.200325479966219
chr3,100500000,101000000,AB,0.2727061618344374,-0.2896036368716741
chr3,101000000,101500000,AB,0.1215216085778728,-0.6076433582370988
chr3,101500000,102000000,AB,0.0614392457919799,-0.4597353659445337
chr3,102000000,102500000,AB,0.175624842273504,-0.531735040502377
chr3,102500000,103000000,BB,-0.1368378447261908,-0.6223190750468031
chr3,103000000,103500000,AB,0.0490783598718728,-0.4945366312758987
chr3,103500000,104000000,BB,-0.2122394217510767,-0.6299398987544813
chr3,104000000,104500000,BB,-0.2157859047126997,-0.4520300697090841
chr3,104500000,105000000,BB,-0.3831653233644675,-0.5928128060637058
chr3,105000000,105500000,BB,-0.3526225466508783,-0.6377357249540734
chr3,105500000,106000000,BB,-0.0989968210683495,-0.3910888133625347
chr3,106000000,106500000,BB,-0.0515058586480088,-0.5046624018128038
chr3,106500000,107000000,BB,-0.1356446672950519,-0.4617947405730866
chr3,107000000,107500000,AB,0.0874229700352176,-0.1002068537724886
chr3,107500000,108000000,AA,0.169300635685087,0.004704087716434
chr3,108000000,108500000,BB,-0.0049865308969123,-0.0987351157621848
chr3,108500000,109000000,BB,-0.1138634997647449,-0.1970560041581933
chr3,109000000,109500000,BB,-0.2456423394429094,-0.204904354302252
chr3,109500000,110000000,BB,-0.2963155867706158,-0.5321337621111305
chr3,110000000,110500000,BB,-0.4446540866851394,-0.6845402439430543
chr3,110500000,111000000,BB,-0.4414351124243507,-0.3840646037316489
chr3,111000000,111500000,BB,-0.281159852014658,-0.2559270720203122
chr3,111500000,112000000,AB,0.0320882061803657,-0.204897383317738
chr3,112000000,112500000,AA,0.0537716342392743,0.082462839054392
chr3,112500000,113000000,AB,0.1870753381313419,-0.1456981399073584
chr3,113000000,113500000,AB,0.2329273230604577,-0.0103470979004385
chr3,113500000,114000000,AA,0.013389510736133,0.0958621578309415
chr3,114000000,114500000,BB,-0.009097850841601,-0.0611258689036476
chr3,114500000,115000000,BB,-0.3872865930843751,-0.6333283551830445
chr3,115000000,115500000,BB,-0.5104786652014607,-0.5600627481382822
chr3,115500000,116000000,BB,-0.2484896207519803,-0.4487283502763197
chr3,116000000,116500000,BB,-0.6533088516813307,-0.7093770817464354
chr3,116500000,117000000,BB,-0.5458445758800473,-0.5405733836276169
chr3,117000000,117500000,BB,-0.5190406991864885,-0.5569283327361157
chr3,117500000,118000000,BB,-0.382668834139536,-0.680572936126215
chr3,118000000,118500000,BB,-0.3906405595108811,-0.7345854776843681
chr3,118500000,119000000,AB,0.0918692395320819,-0.1884676068684227
chr3,119000000,119500000,BA,-0.0001603106998947,0.0238703595961071
chr3,119500000,120000000,BB,-0.0897155716158896,-0.1788897822686931
chr3,120000000,120500000,AB,0.2174168308911756,-0.1816938179249979
chr3,120500000,121000000,AB,0.1242002751622669,-0.0661069354803928
chr3,121000000,121500000,AB,0.2184959660701496,-0.2123435677579049
chr3,121500000,122000000,BB,-0.0051953405234728,-0.0485739201040424
chr3,122000000,122500000,AA,0.0980530670426625,0.0025340331816962
chr3,122500000,123000000,BA,-0.0358151986779599,0.1623288047055948
chr3,123000000,123500000,AA,0.1674956493742237,0.3310225582821141
chr3,123500000,124000000,AA,0.3477272927946026,0.5202447208658542
chr3,124000000,124500000,AA,0.2648403353533983,0.5331080597954203
chr3,124500000,125000000,AA,0.2939491103626303,0.4524361073603557
chr3,125000000,125500000,AA,0.4575802484339906,0.4531903572031377
chr3,125500000,126000000,AA,0.4255215469869904,0.5268353198505858
chr3,126000000,126500000,AA,0.4932745652560153,0.5504697785072414
chr3,126500000,127000000,AA,0.599614857870966,0.5245988508677812
chr3,127000000,127500000,AA,0.556396493840848,0.5809981373963395
chr3,127500000,128000000,AA,0.4838787369993537,0.6377096995078578
chr3,128000000,128500000,AA,0.5996757698195586,0.5627101578147471
chr3,128500000,129000000,AA,0.6038841156022993,0.5995447791528087
chr3,129000000,129500000,AA,0.4794285670673359,0.6202147967704458
chr3,129500000,130000000,AA,0.3050225237151104,0.3574765719540991
chr3,130000000,130500000,AA,0.0845992540824351,0.3710974792870712
chr3,130500000,131000000,BA,-0.0743908619160248,0.2038983397527
chr3,131000000,131500000,AA,0.0101983349115083,0.3626070630411992
chr3,131500000,132000000,AA,0.0071461050232916,0.1225428370013664
chr3,132000000,132500000,BA,-0.044147655215906,0.016988977049873
chr3,132500000,133000000,BA,-0.2036627671097933,0.1852510958389563
chr3,133000000,133500000,AA,0.0017971573189268,0.198712132192529
chr3,133500000,134000000,AA,0.1932873861853022,0.5426333837479661
chr3,134000000,134500000,AA,0.0564676737921492,0.3512047413102702
chr3,134500000,135000000,AA,0.2020242610599199,0.4296439297152639
chr3,135000000,135500000,AA,0.0627958059698012,0.4262452614074365
chr3,135500000,136000000,BA,-0.0217748463227935,0.2599427234507951
chr3,136000000,136500000,BA,-0.0853794285326978,0.3655555791680637
chr3,136500000,137000000,BA,-0.100379710107236,0.3430197322560636
chr3,137000000,137500000,BA,-0.2732489279179881,0.1742999587249119
chr3,137500000,138000000,BA,-0.1540144141809554,0.3272922487379184
chr3,138000000,138500000,AA,0.0152039249304584,0.4184572095268394
chr3,138500000,139000000,BA,-0.0394276247782892,0.3055463387248119
chr3,139000000,139500000,AA,0.1233246648994937,0.3660003307209162
chr3,139500000,140000000,AA,0.0602194132400663,0.4227467471195338
chr3,140000000,140500000,AA,0.2078613675429564,0.3410578042198827
chr3,140500000,141000000,AA,0.0993359914464035,0.3374737249677243
chr3,141000000,141500000,AA,0.0227739053459905,0.330915539836416
chr3,141500000,142000000,AA,0.0483998285773142,0.142306059114343
chr3,142000000,142500000,BA,-0.1684774602585948,0.0372607998262235
chr3,142500000,143000000,BB,-0.504972706743895,-0.2800843472167997
chr3,143000000,143500000,BB,-0.4812232266307756,-0.1109371170043608
chr3,143500000,144000000,BB,-0.7059743502445616,-0.3819371367514745
chr3,144000000,144500000,BB,-0.7111035097585838,-0.6736283026038908
chr3,144500000,145000000,BB,-0.7963043579139921,-0.9098074776822466
chr3,145000000,145500000,BB,-0.6951982653248223,-0.6822057423687997
chr3,145500000,146000000,BB,-0.4440222823431226,-0.5643677590180612
chr3,146000000,146500000,BB,-0.4045730367740891,-0.3897569750729681
chr3,146500000,147000000,BB,-0.5855637967617815,-0.4896739820107686
chr3,147000000,147500000,BB,-0.6042154551896545,-0.469034358431748
chr3,147500000,148000000,BB,-0.5759816953039023,-0.5512162630997924
chr3,148000000,148500000,BB,-0.4040660707701597,-0.3369167172092855
chr3,148500000,149000000,BB,-0.2769030307781437,-0.3276064857531632
chr3,149000000,149500000,BB,-0.187419932559663,-0.0800773731029505
chr3,149500000,150000000,BA,-0.0935650978177211,0.1099917216074407
chr3,150000000,150500000,BA,-0.111578292306617,0.1544654268576082
chr3,150500000,151000000,BA,-0.236639987883682,0.2020546314975038
chr3,151000000,151500000,BB,-0.3948237167780218,-0.2612716701515158
chr3,151500000,152000000,BB,-0.6433627977572254,-0.5135606562034015
chr3,152000000,152500000,BB,-0.7226717727175122,-0.5439977109169487
chr3,152500000,153000000,BB,-0.715123197326102,-0.3949859494202967
chr3,153000000,153500000,BB,-0.6445214013892493,-0.214622462061996
chr3,153500000,154000000,BB,-0.7255944905850475,-0.2736106474034224
chr3,154000000,154500000,BA,-0.4211586123198396,0.0204037727620308
chr3,154500000,155000000,BB,-0.7385094064012064,-0.0788665211301164
chr3,155000000,155500000,BB,-0.5347050825399928,-0.0051185783134549
chr3,155500000,156000000,BA,-0.4248705561146279,0.0706085800050103
chr3,156000000,156500000,BA,-0.1640089402723344,0.3885074719231519
chr3,156500000,157000000,BA,-0.2052070592634848,0.3827040775178241
chr3,157000000,157500000,BA,-0.2384280302491133,0.2797444372718663
chr3,157500000,158000000,BA,-0.163422146223432,0.2135553185736103
chr3,158000000,158500000,AA,0.0169156879399439,0.2427301979101733
chr3,158500000,159000000,AA,0.009676391204431,0.4973399689339611
chr3,159000000,159500000,BA,-0.3078281249773394,0.3105903816890966
chr3,159500000,160000000,BA,-0.2162059771932333,0.2612924694486827
chr3,160000000,160500000,AA,0.0065545415628282,0.2957353082821946
chr3,160500000,161000000,BA,-0.209201628537426,0.0850532266383455
chr3,161000000,161500000,BB,-0.4436992873554195,-0.1194417451599657
chr3,161500000,162000000,BB,-0.4912644189378227,-0.1908329018723321
chr3,162000000,162500000,BB,-0.4063525571915632,-0.4319666090908307
chr3,163000000,163500000,BB,-0.2252625629364792,-0.2528980206173862
chr3,163500000,164000000,BB,-0.2960061749969807,-0.4401361456618252
chr3,164000000,164500000,BB,-0.2241484006879025,-0.3286914549968031
chr3,164500000,165000000,BB,-0.2684701369438857,-0.3648403621705977
chr3,165000000,165500000,BB,-0.3205067066695577,-0.3103646449586239
chr3,165500000,166000000,BB,-0.2565478179120455,-0.4952755468211886
chr3,166000000,166500000,BB,-0.2072453057142297,-0.413653748993362
chr3,166500000,167000000,BB,-0.2712289157094253,-0.2838112416317077
chr3,167000000,167500000,BB,-0.1498459416715165,-0.2290177792128237
chr3,167500000,168000000,BB,-0.2584841333721824,-0.1928247416499901
chr3,168000000,168500000,BB,-0.3029217433417401,-0.2130140802696737
chr3,168500000,169000000,BB,-0.5531873098043758,-0.2769157900342853
chr3,169000000,169500000,BB,-0.4911522835196859,-0.2367235006376511
chr3,169500000,170000000,BA,-0.1336082538514459,0.1663834967257636
chr3,170000000,170500000,BA,-0.0016134023568992,0.3360565988333393
chr3,170500000,171000000,AA,0.0718539622564575,0.2827617298906464
chr3,171000000,171500000,BA,-0.0633944840922575,0.3249169947925572
chr3,171500000,172000000,BA,-0.2883123578404437,0.0305604800352936
chr3,172000000,172500000,BA,-0.3160309438434484,0.0362066338426414
chr3,172500000,173000000,BA,-0.3475731380053274,0.008252752104685
chr3,173000000,173500000,BB,-0.4504525771231845,-0.1792842376257987
chr3,173500000,174000000,BB,-0.5744477419026991,-0.4705578733122965
chr3,174000000,174500000,BB,-0.5914601777483113,-0.3894535642461932
chr3,174500000,175000000,BB,-0.5549900789772042,-0.3312190453304725
chr3,175000000,175500000,BB,-0.4952955571707649,-0.3791578763287546
chr3,175500000,176000000,BB,-0.4989450364654954,-0.4024836224590669
chr3,176000000,176500000,BB,-0.5523491102043101,-0.3630280763560395
chr3,176500000,177000000,BB,-0.4286230929531722,-0.2926535848930209
chr3,177000000,177500000,BB,-0.379729570610548,-0.1084562785842947
chr3,177500000,178000000,BB,-0.4961876452907373,-0.2322407631891259
chr3,178000000,178500000,BB,-0.6833096662167899,-0.3264357928074301
chr3,178500000,179000000,BB,-0.5879797902386483,-0.088746901269
chr3,179000000,179500000,BA,-0.4667485799860011,0.0840661054216918
chr3,179500000,180000000,BA,-0.3377675034683028,0.0971642616180068
chr3,180000000,180500000,BA,-0.4851963905370378,0.000411209622588
chr3,180500000,181000000,BA,-0.3555438827679681,0.2513512577731526
chr3,181000000,181500000,BB,-0.7387433829681792,-0.0475741514375313
chr3,181500000,182000000,BA,-0.4268401541828675,0.0465197576709844
chr3,182000000,182500000,BA,-0.417138064920549,0.0760923829137838
chr3,182500000,183000000,BA,-0.1128746591958649,0.3357388846350821
chr3,183000000,183500000,AA,0.3149036289973089,0.6895509573905635
chr3,183500000,184000000,AA,0.3176748068868547,0.7109740995657696
chr3,184000000,184500000,AA,0.4175108882880194,0.8014781414891947
chr3,184500000,185000000,AA,0.3040914759041499,0.6321279446180414
chr3,185000000,185500000,AA,0.0283374109937567,0.3565160150615561
chr3,185500000,186000000,BA,-0.0562024937072303,0.493605845712606
chr3,186000000,186500000,AA,0.0568129995931468,0.4941521492734687
chr3,186500000,187000000,BA,-0.0567283345929335,0.4505637512774815
chr3,187000000,187500000,BA,-0.2002190602456958,0.3688067377429568
chr3,187500000,188000000,BA,-0.3591718014961396,0.3457268793599701
chr3,188000000,188500000,BA,-0.4221987617590924,0.0722589838505387
chr3,188500000,189000000,BA,-0.2604503330787357,0.1945942758021399
chr3,189000000,189500000,BB,-0.5293813393070351,-0.101337092330725
chr3,189500000,190000000,BB,-0.8697144967272508,-0.3119562533528996
chr3,190000000,190500000,BB,-0.9253043194835284,-0.4563639631909026
chr3,190500000,191000000,BB,-0.7853735813472015,-0.8665966506812958
chr3,191000000,191500000,BB,-0.8199303859913994,-0.7158011828107139
chr3,191500000,192000000,BB,-0.8052594028180307,-0.6971394166155375
chr3,192000000,192500000,BB,-0.9234895585863374,-0.689480085352141
chr3,192500000,193000000,BB,-0.7429196618002771,-0.478091449553405
chr3,193000000,193500000,BB,-0.5078348828619349,-0.433810771449392
chr3,193500000,194000000,BB,-0.3641706763645869,-0.0749455054067541
chr3,194000000,194500000,AA,0.0152269661513834,0.2482856090378851
chr3,194500000,195000000,BA,-0.0644074662388352,0.4609739638382932
chr3,195000000,195500000,BA,-0.1854053425059914,0.2341352466971664
chr3,195500000,196000000,AA,0.1563018725261633,0.448429680317465
chr3,196000000,196500000,AA,0.1700237597005004,0.5222442931487045
chr3,196500000,197000000,AA,0.1860831583383553,0.4484070427002706
chr3,197000000,197500000,BA,-0.0425608963871007,0.1147328750019284
chr3,197500000,198000000,AA,0.2077162536188772,0.1509464241906569
chr4,0,500000,AA,0.3708201900390662,0.4605816025718228
chr4,2000000,2500000,AA,0.7051265849149132,0.626379353332297
chr4,2500000,3000000,AA,0.596323562557486,0.5619904803364746
chr4,3000000,3500000,AA,0.6592985954615657,0.6203364302187119
chr4,4000000,4500000,AA,0.5050809192681323,0.6735870153030029
chr4,4500000,5000000,AA,0.5451481375525835,0.5017065162638733
chr4,5000000,5500000,AA,0.3896628514611175,0.442269406751773
chr4,5500000,6000000,AA,0.5566261328632114,0.6218393730847586
chr4,6000000,6500000,AA,0.5587445268541883,0.5430146049950278
chr4,6500000,7000000,AA,0.4905188694549381,0.4960942987872311
chr4,7000000,7500000,AA,0.6286613689895271,0.6124917426684247
chr4,7500000,8000000,AA,0.5305340353920648,0.4328821630932195
chr4,8000000,8500000,AA,0.4354532057348376,0.4339430763063834
chr4,8500000,9000000,AA,0.3588152080251802,0.4916347782751835
chr4,9500000,10000000,AA,0.3726605458386307,0.3416537281720706
chr4,10000000,10500000,AA,0.355215832352367,0.2337376401884919
chr4,10500000,11000000,BA,-0.0108110396178576,0.0235868016461535
chr4,11000000,11500000,BB,-0.1212699960506942,-0.2988944899378652
chr4,11500000,12000000,BB,-0.3866435459208717,-0.5100940039529538
chr4,12000000,12500000,BB,-0.5006020348162032,-0.3815717888992861
chr4,12500000,13000000,BB,-0.5429187907122668,-0.3911051484329378
chr4,13000000,13500000,BB,-0.2962019572984644,-0.3877004129185145
chr4,13500000,14000000,BB,-0.3878361843324502,-0.2990003449008014
chr4,14000000,14500000,BB,-0.3647022172337597,-0.4069797132038631
chr4,14500000,15000000,BB,-0.2317849844526384,-0.2458594218190279
chr4,15000000,15500000,BB,-0.327374260504106,-0.1778212579595878
chr4,15500000,16000000,BB,-0.176558368377224,-0.0831926107239071
chr4,16000000,16500000,BB,-0.2004049819276588,-0.0676161962437923
chr4,16500000,17000000,BB,-0.4607217149918756,-0.3502291319169709
chr4,17000000,17500000,BB,-0.4415616858255042,-0.4406871680638898
chr4,17500000,18000000,BB,-0.3602578339466716,-0.3976767230355958
chr4,18000000,18500000,BB,-0.6319418692782511,-0.6938602481066711
chr4,18500000,19000000,BB,-0.8538632617170315,-0.738388191904689
chr4,19000000,19500000,BB,-0.7791238620486025,-0.8577913873590057
chr4,19500000,20000000,BB,-0.5706910724274307,-0.8045231892008798
chr4,20000000,20500000,BB,-0.6943159196812847,-0.7260110270163482
chr4,20500000,21000000,BB,-0.5164267573608922,-0.4496590986960647
chr4,21000000,21500000,BB,-0.6773412773191612,-0.5271912072631609
chr4,21500000,22000000,BB,-0.516326015112103,-0.504439656227516
chr4,22000000,22500000,BB,-0.3847723627531981,-0.3961659634930084
chr4,22500000,23000000,BB,-0.43074115138778,-0.5232522852211818
chr4,23000000,23500000,BB,-0.5199800331368031,-0.5889110233879542
chr4,23500000,24000000,BB,-0.3299337765750605,-0.3416890632066353
chr4,24000000,24500000,BB,-0.1247138112493366,-0.1692309508689319
chr4,24500000,25000000,BB,-0.0154042353430103,-0.0260641144479822
chr4,25000000,25500000,AA,0.028283809465568,0.0060704503358732
chr4,25500000,26000000,AA,0.0902442929241717,0.1933580793500073
chr4,26000000,26500000,BB,-0.0211746747561183,-0.0070493197084472
chr4,26500000,27000000,BB,-0.1687863720312745,-0.1119977238695698
chr4,27000000,27500000,BB,-0.2026904685820566,-0.2036003102428072
chr4,27500000,28000000,BB,-0.3886867756069778,-0.2932016238335178
chr4,28000000,28500000,BB,-0.3110068885774641,-0.3438671824545647
chr4,28500000,29000000,BB,-0.32863863371779,-0.2501138957703772
chr4,29000000,29500000,BB,-0.3988020687069528,-0.3943318472077547
chr4,29500000,30000000,BB,-0.3226762989457766,-0.475755853125991
chr4,30000000,30500000,BB,-0.3867060032322256,-0.4684333786219565
chr4,30500000,31000000,BB,-0.3564948818686952,-0.3637981518357397
chr4,31000000,31500000,BB,-0.3477722366365811,-0.4758919750215665
chr4,31500000,32000000,BB,-0.4306092893617986,-0.528957816262448
chr4,32000000,32500000,BB,-0.4990143208916562,-0.5778754913886045
chr4,32500000,33000000,BB,-0.600006641365298,-0.448174891631766
chr4,33000000,33500000,BB,-0.5666877712210165,-0.5174631136071421
chr4,33500000,34000000,BB,-0.5474743392442701,-0.508349363431351
chr4,34000000,34500000,BB,-0.4245161439108505,-0.4694887138768606
chr4,34500000,35000000,BB,-0.4986242355577685,-0.4384351796276517
chr4,35000000,35500000,BB,-0.5424237102650504,-0.496874645716686
chr4,35500000,36000000,BB,-0.4117983633925586,-0.5527705435918051
chr4,36000000,36500000,BB,-0.4390750135337808,-0.5588572841222567
chr4,36500000,37000000,BB,-0.5815459816402037,-0.6256341574079218
chr4,37000000,37500000,BB,-0.4323045100678819,-0.5046456241004639
chr4,37500000,38000000,BB,-0.2908781683061031,-0.25863745528745
chr4,38000000,38500000,BB,-0.2511442622401377,-0.1769623028363093
chr4,38500000,39000000,BB,-0.3002877083362779,-0.2272145290515793
chr4,39000000,39500000,BB,-0.2650106828734825,-0.1675220685062637
chr4,39500000,40000000,BB,-0.1308205350259311,-0.1311551234503771
chr4,40000000,40500000,BB,-0.1305706707256703,-0.1963913713267337
chr4,40500000,41000000,BB,-0.1949631890077974,-0.0080210568737451
chr4,41000000,41500000,BB,-0.3237528856899673,-0.1789769559116192
chr4,41500000,42000000,BB,-0.3775112633005538,-0.3074657653527613
chr4,42000000,42500000,BB,-0.3788743822904961,-0.4050035936630067
chr4,42500000,43000000,BB,-0.5807457039551862,-0.4798556461113753
chr4,43000000,43500000,BB,-0.6498876826244219,-0.584468792334566
chr4,43500000,44000000,BB,-0.652606127043732,-0.6574063375409419
chr4,44000000,44500000,BB,-0.7099967623939171,-0.6832853685285128
chr4,44500000,45000000,BB,-0.4110612229659796,-0.6593455063719116
chr4,45000000,45500000,BB,-0.4520730563929347,-0.4211737467274449
chr4,45500000,46000000,BB,-0.4602205738825307,-0.3646865286838014
chr4,46000000,46500000,BB,-0.3363412998205777,-0.5081726202967128
chr4,46500000,47000000,BB,-0.4697529364786799,-0.5490411423775656
chr4,47000000,47500000,BB,-0.3531494230453338,-0.4331617847118401
chr4,47500000,48000000,BB,-0.3630492267827537,-0.2379450969822433
chr4,48000000,48500000,BB,-0.1781727725805937,-0.3270681276473111
chr4,48500000,49000000,BB,-0.0128866227371955,-0.2428571489182854
chr4,52000000,52500000,AB,0.2333401173597633,-0.0669448362691302
chr4,52500000,53000000,AA,0.2055533954771616,0.070442694165611
chr4,53000000,53500000,AA,0.0394583213667389,0.0175241418124349
chr4,53500000,54000000,AB,0.2601842788339913,-0.1879623591624413
chr4,54000000,54500000,AB,0.1903734519966032,-0.0209284174675345
chr4,54500000,55000000,AB,0.0427064813103972,-0.1311977212817822
chr4,55000000,55500000,AB,0.271203089875452,-0.1299278290162272
chr4,55500000,56000000,AA,0.2994509302504535,0.3006714827540246
chr4,56000000,56500000,AA,0.4687569880942621,0.1220890911264054
chr4,56500000,57000000,AA,0.3630400637507423,0.0931468148143537
chr4,57000000,57500000,AA,0.4759573624489597,0.1995093466362341
chr4,57500000,58000000,AB,0.3394477871488087,-0.0823362726813768
chr4,58000000,58500000,AA,0.2738229799257139,0.3081093089340496
chr4,58500000,59000000,AA,0.2210350366659003,0.1164172334670111
chr4,59000000,59500000,AA,0.2659297757400051,0.0232170504147358
chr4,59500000,60000000,AA,0.234600309229632,0.0477820935246362
chr4,60000000,60500000,AB,0.1237147803316926,-0.1375007819679897
chr4,60500000,61000000,AB,0.2132581748519106,-0.2018544724091549
chr4,61000000,61500000,AB,0.4338986317141567,-0.2511818298165421
chr4,61500000,62000000,AA,0.1966692386367073,0.0542795073878429
chr4,62000000,62500000,AA,0.3935074892199118,0.1594838947499
chr4,62500000,63000000,AA,0.5162349269185713,0.292582521662917
chr4,63000000,63500000,AA,0.2104856094207922,0.3530743800672904
chr4,63500000,64000000,AA,0.3209675282032587,0.2857118570126136
chr4,64000000,64500000,AA,0.2199152728370352,0.2895855616477714
chr4,64500000,65000000,AA,0.5109340446419952,0.2070018196474346
chr4,65000000,65500000,AA,0.2823539857591547,0.0968752339816685
chr4,65500000,66000000,AB,0.0631985377849341,-0.1386644164765589
chr4,66000000,66500000,AB,0.1826981463375961,-0.1276530059315624
chr4,66500000,67000000,AB,0.1728411648444485,-0.0267055252729999
chr4,67000000,67500000,AA,0.3728827355376692,0.2614541984311078
chr4,67500000,68000000,AB,0.1965161107220491,-0.0224378450522925
chr4,68000000,68500000,AA,0.1923763145063743,0.1623036391983983
chr4,69000000,69500000,AA,0.1674243847053719,0.0487296574306098
chr4,69500000,70000000,AA,0.2162402573598177,0.6301832669244934
chr4,70000000,70500000,AA,0.3104953689349635,0.4590156599861755
chr4,70500000,71000000,AA,0.4609153779839959,0.5235469114037906
chr4,71000000,71500000,AA,0.222286856520977,0.5665156250565537
chr4,71500000,72000000,AA,0.339266066440622,0.5886689496020581
chr4,72000000,72500000,AA,0.3481620196569734,0.4059063628059514
chr4,72500000,73000000,AA,0.4084903897454726,0.1876554817165877
chr4,73000000,73500000,AA,0.3161304635898842,0.424305614741945
chr4,73500000,74000000,AA,0.2773691793648065,0.5705220058081515
chr4,74000000,74500000,AA,0.0319891047208039,0.490511417633829
chr4,74500000,75000000,AA,0.0500674191567946,0.6256718145804308
chr4,75000000,75500000,AA,0.5068249527489619,0.5845940736887311
chr4,75500000,76000000,AA,0.4154207035402024,0.5836844446488223
chr4,76000000,76500000,AA,0.2500079589240581,0.4958343056389464
chr4,76500000,77000000,AA,0.4422065109270205,0.3899718700363193
chr4,77000000,77500000,AA,0.3715943631362641,0.7153787465229139
chr4,77500000,78000000,AA,0.0624512555849204,0.516001508825137
chr4,78000000,78500000,AA,0.0804272079624619,0.6373584794227226
chr4,78500000,79000000,AA,0.2779621321607692,0.5288420121516334
chr4,79000000,79500000,AA,0.1623905048750346,0.4011299944155488
chr4,79500000,80000000,AA,0.0730479064371088,0.2612478665995691
chr4,80000000,80500000,AA,0.1222028381778708,0.3225546176430237
chr4,80500000,81000000,AA,0.0461310709507907,0.488541238736168
chr4,81000000,81500000,AA,0.1379298633427776,0.6586503557311871
chr4,81500000,82000000,AA,0.4761944891344601,0.7650359311381505
chr4,82000000,82500000,AA,0.414692347219519,0.526017286982773
chr4,82500000,83000000,AA,0.3194869760893508,0.5589964778466079
chr4,83000000,83500000,AA,0.3590418011255714,0.5329148849631062
chr4,83500000,84000000,AA,0.3155121645504039,0.6805615435372273
chr4,84000000,84500000,AA,0.3801776083410679,0.3752092659548048
chr4,84500000,85000000,AA,0.5101994500085045,0.5451490924317961
chr4,85000000,85500000,AA,0.3054996448189805,0.7217348219330176
chr4,85500000,86000000,AA,0.5300667812303873,0.3970954149238349
chr4,86000000,86500000,AA,0.6705604513922923,0.4739460203650628
chr4,86500000,87000000,AA,0.6236775525742546,0.4399347742515814
chr4,87000000,87500000,AA,0.4897133543760684,0.4930745308992326
chr4,87500000,88000000,AA,0.5135934123428789,0.3921800505016143
chr4,88000000,88500000,AA,0.4789942789377639,0.4839888225944349
chr4,88500000,89000000,AA,0.5734428136527855,0.3970699047194627
chr4,89000000,89500000,AA,0.2603363806897941,0.4913255006973203
chr4,89500000,90000000,AA,0.3958808623797984,0.3363287578238298
chr4,90000000,90500000,AA,0.3376646633486142,0.2936030996714046
chr4,90500000,91000000,AA,0.4744869979967125,0.5719892947596366
chr4,91000000,91500000,AA,0.4643133352592304,0.4425127394940407
chr4,91500000,92000000,AA,0.3389596115485233,0.4798688101184843
chr4,92000000,92500000,AA,0.3715947337495641,0.5462558154112773
chr4,92500000,93000000,AA,0.4205489358201665,0.6458713319365139
chr4,93000000,93500000,AA,0.1436684486959337,0.4709729161205797
chr4,93500000,94000000,AA,0.1345853159884853,0.4384769419571739
chr4,94000000,94500000,AA,0.2560468430591593,0.2681099576999944
chr4,94500000,95000000,AA,0.2593097652254747,0.3614378821490395
chr4,95000000,95500000,AA,0.3470555046794167,0.5169200198332851
chr4,95500000,96000000,AA,0.4956690027589626,0.6406245154820083
chr4,96000000,96500000,AA,0.4979522536397935,0.6206129069887983
chr4,96500000,97000000,AA,0.4643043732456329,0.6538827507588423
chr4,97000000,97500000,AA,0.3753461188235405,0.544941041817915
chr4,97500000,98000000,AA,0.4172528814569025,0.4306413086420019
chr4,98000000,98500000,AA,0.6932113869160242,0.5337627609348297
chr4,98500000,99000000,AA,0.7630963264795482,0.4923968586222453
chr4,99000000,99500000,AA,0.6887170805097114,0.6618679309431486
chr4,99500000,100000000,AA,0.7305229383442692,0.565805234565531
chr4,100000000,100500000,AA,0.4492814457299642,0.456643299756011
chr4,100500000,101000000,AA,0.465952556037766,0.3564706163006585
chr4,101000000,101500000,AA,0.4464355423796008,0.529580433280068
chr4,101500000,102000000,AA,0.3959197197206656,0.4928479426124146
chr4,102000000,102500000,AA,0.5219058077353025,0.6379358710327038
chr4,102500000,103000000,AA,0.4591368675649118,0.5106990851668378
chr4,103000000,103500000,AA,0.3805661730238763,0.4379953961826793
chr4,103500000,104000000,AA,0.333884926558848,0.3004612127869167
chr4,104000000,104500000,AA,0.2626118843725186,0.5578517333310126
chr4,104500000,105000000,AA,0.5019860647762423,0.4932647451535601
chr4,105000000,105500000,AA,0.4330628030952306,0.3853803996354515
chr4,105500000,106000000,AA,0.6544575241438136,0.5017848183083099
chr4,106000000,106500000,AA,0.5151118105705546,0.4482374832702023
chr4,106500000,107000000,AA,0.3352821292195204,0.3357060221457439
chr4,107000000,107500000,AA,0.40580223714891,0.3042866048939417
chr4,107500000,108000000,AA,0.398034851668319,0.3017378477733801
chr4,108000000,108500000,AA,0.4990877116631504,0.4450925049415636
chr4,108500000,109000000,AA,0.567705494515705,0.626519302261506
chr4,109000000,109500000,AA,0.5751739881941172,0.4528846060334828
chr4,109500000,110000000,AA,0.6394121242499893,0.3868573762367317
chr4,110000000,110500000,AA,0.4202914148374837,0.492932542681633
chr4,110500000,111000000,AA,0.2791830692037829,0.3205682725871819
chr4,111000000,111500000,AA,0.3227950172285836,0.437014852035907
chr4,111500000,112000000,AA,0.2911541089367364,0.3680793883203327
chr4,112000000,112500000,AA,0.393193761126538,0.5464774309604848
chr4,112500000,113000000,AA,0.3936660806176161,0.5590005384981152
chr4,113000000,113500000,AA,0.3835444351053986,0.6800346890620657
chr4,113500000,114000000,AA,0.2919128363378325,0.3854305653685878
chr4,114000000,114500000,AA,0.2716835200741925,0.268445053418981
chr4,114500000,115000000,AA,0.1234383037093967,0.2176841707831744
chr4,115000000,115500000,AA,0.0802333192301569,0.173229782085858
chr4,115500000,116000000,AA,0.1399549825797588,0.2189872055241048
chr4,116000000,116500000,AA,0.1293170664366249,0.175822617337951
chr4,116500000,117000000,AA,0.2703802924635387,0.109263838713322
chr4,117000000,117500000,AA,0.3058060823778766,0.1183843537352087
chr4,117500000,118000000,AA,0.4705050069277754,0.2523932524892334
chr4,118000000,118500000,AA,0.4125589622627294,0.429298886614266
chr4,118500000,119000000,AA,0.5978396983294391,0.5870111311634558
chr4,119000000,119500000,AA,0.6111959779438481,0.4133659121727487
chr4,119500000,120000000,AA,0.6582115704916763,0.3726773390967529
chr4,120000000,120500000,AA,0.6130973343147315,0.4389237504540108
chr4,120500000,121000000,AA,0.5388775931380405,0.4160888081731382
chr4,121000000,121500000,AA,0.6217048176610159,0.4130614389566265
chr4,121500000,122000000,AA,0.464505794387251,0.4160134232747871
chr4,122000000,122500000,AA,0.4113266859728856,0.4748227045361692
chr4,122500000,123000000,AA,0.4563629277107532,0.6078322166717792
chr4,123000000,123500000,AA,0.3380331693515617,0.5430847804985802
chr4,123500000,124000000,AA,0.3486664772047719,0.3136096292815342
chr4,124000000,124500000,AA,0.4540863392811548,0.3974902543502213
chr4,124500000,125000000,AA,0.247516130151586,0.3062625070214446
chr4,125000000,125500000,AA,0.1794215000934121,0.2618157928022377
chr4,125500000,126000000,AA,0.2476471668774265,0.2974998899669261
chr4,126000000,126500000,AA,0.4553194546216932,0.1825707312335139
chr4,126500000,127000000,AA,0.3471037617449975,0.2896568774746669
chr4,127000000,127500000,AA,0.5012670404274879,0.3627826435560256
chr4,127500000,128000000,AA,0.7442253538816366,0.4851553124372192
chr4,128000000,128500000,AA,0.6038401711337996,0.5566538893614591
chr4,128500000,129000000,AA,0.602926250440258,0.5503569542947716
chr4,129000000,129500000,AA,0.5594778868820159,0.4848187745382701
chr4,129500000,130000000,AA,0.529275223506438,0.5941882259850925
chr4,130000000,130500000,AA,0.5879272539904544,0.3749713127294495
chr4,130500000,131000000,AA,0.6067682087876853,0.4560205864249609
chr4,131000000,131500000,AA,0.6734551999084756,0.5310955670453497
chr4,132000000,132500000,AA,0.5057990638457599,0.3993379969502262
chr4,132500000,133000000,AA,0.3828730636338351,0.3525727661511001
chr4,133000000,133500000,AA,0.2468718146497295,0.2569090667783522
chr4,133500000,134000000,AA,0.253952560317963,0.2486844489173167
chr4,134000000,134500000,AA,0.4765469300399795,0.2955168179515156
chr4,134500000,135000000,AA,0.3547846662753239,0.4013834010962286
chr4,135000000,135500000,AA,0.3672811739575908,0.407069020352872
chr4,135500000,136000000,AA,0.270767221524375,0.3808292215170484
chr4,136000000,136500000,AA,0.3171748327036286,0.4717696287819329
chr4,136500000,137000000,AA,0.2712980955233089,0.2358556221337259
chr4,137000000,137500000,AA,0.2214255248719586,0.3189034095452143
chr4,137500000,138000000,AA,0.2466914741907391,0.3393478142325783
chr4,138000000,138500000,AA,0.521669153752089,0.3619510670056566
chr4,138500000,139000000,AA,0.41629393693176,0.3870718920697528
chr4,139000000,139500000,AA,0.4160917295858296,0.5909016833968463
chr4,139500000,140000000,AA,0.6395659742640691,0.5743434331349387
chr4,140000000,140500000,AA,0.7032186895191906,0.4895215591443127
chr4,140500000,141000000,AA,0.5686656115526281,0.5002973466321442
chr4,141000000,141500000,AA,0.4201648610473452,0.4149661670384466
chr4,141500000,142000000,AA,0.3929573601162996,0.3659370049234063
chr4,142000000,142500000,AA,0.3485223865094439,0.456969539415019
chr4,142500000,143000000,AA,0.4196835962670671,0.323914412436925
chr4,143000000,143500000,AA,0.2850759959459076,0.2020022726826662
chr4,143500000,144000000,AA,0.3007003389659755,0.2289990637346874
chr4,144000000,144500000,AA,0.2093612068334897,0.0969359782947524
chr4,144500000,145000000,AA,0.1198383545715263,0.2291194718464976
chr4,145000000,145500000,AA,0.2988223431807897,0.3566489398548094
chr4,145500000,146000000,AA,0.3462585649150803,0.4322053385500409
chr4,146000000,146500000,AA,0.2729135947530585,0.3949811362923374
chr4,146500000,147000000,AA,0.2241251338566474,0.3724777138578751
chr4,147000000,147500000,AA,0.2828999541309817,0.4867575592306233
chr4,147500000,148000000,AA,0.1598847572157799,0.4273417240645569
chr4,148000000,148500000,AA,0.0850861792578361,0.309298092490768
chr4,148500000,149000000,AA,0.0791133085184501,0.1636946936434277
chr4,149000000,149500000,AA,0.0540447235027273,0.0952041938808252
chr4,149500000,150000000,BA,-0.0417080500350996,0.0288686371590405
chr4,150000000,150500000,AA,0.2656177900890914,0.0769355988285145
chr4,150500000,151000000,AA,0.0960775284046609,0.1780907959895548
chr4,151000000,151500000,AA,0.0871795286258171,0.3691004221792825
chr4,151500000,152000000,AA,0.0410923344618915,0.2724300803955236
chr4,152000000,152500000,AA,0.2158676652322509,0.291603774067741
chr4,152500000,153000000,AA,0.2084663046709321,0.379384481343828
chr4,153000000,153500000,AA,0.275852933391457,0.3543090341432314
chr4,153500000,154000000,AA,0.0761475200489281,0.3022346936004332
chr4,154000000,154500000,AA,0.1257248375329139,0.1043653311034049
chr4,154500000,155000000,BB,-0.0421049193908366,-0.0142544263813145
chr4,155000000,155500000,BB,-0.1170798540744997,-0.0136303249854491
chr4,155500000,156000000,BA,-0.2219820758315622,0.0240387141601739
chr4,156000000,156500000,BB,-0.0955604127478652,-0.0634880600194989
chr4,156500000,157000000,BA,-0.1074804252032042,0.0357166391649784
chr4,157000000,157500000,BA,-0.0976282159754115,0.0464232051082248
chr4,157500000,158000000,BA,-0.1639077449911827,0.1261642598281687
chr4,158000000,158500000,BA,-0.0357540568762934,0.1753437299193412
chr4,158500000,159000000,AA,0.0302075261448828,0.1531986462918747
chr4,159000000,159500000,AA,0.2178294436011386,0.3462118711252517
chr4,159500000,160000000,AA,0.0826635916896539,0.050040784821902
chr4,160000000,160500000,BA,-0.0709670832965402,0.0366554556441476
chr4,160500000,161000000,BA,-0.1078868238846943,0.0197610351135665
chr4,161000000,161500000,BB,-0.0277981424499482,-0.04795446342821
chr4,161500000,162000000,AB,0.0482349938527753,-0.0451933013096982
chr4,162000000,162500000,AA,0.1026474375684835,0.0310086180780369
chr4,162500000,163000000,AA,0.2310263613937061,0.158898403764628
chr4,163000000,163500000,AA,0.1227578575317543,0.2669736093897004
chr4,163500000,164000000,BA,-0.0926032952578093,0.3866126672799015
chr4,164000000,164500000,AA,0.0871363915587803,0.3785156177299205
chr4,164500000,165000000,AA,0.0309468856109585,0.2404200865009409
chr4,165000000,165500000,AA,0.1186707330082046,0.3834857731466847
chr4,165500000,166000000,AA,0.141444129868287,0.3174303567361762
chr4,166000000,166500000,AA,0.0515167235525471,0.2664944952835318
chr4,166500000,167000000,AA,0.1187255562275615,0.3227862111837428
chr4,167000000,167500000,AA,0.1233984872868187,0.326573186884904
chr4,167500000,168000000,AA,0.3472995366762221,0.1975241592999627
chr4,168000000,168500000,AA,0.3278769877643298,0.2810569181623377
chr4,168500000,169000000,AA,0.3719885891887902,0.4791579208877028
chr4,169000000,169500000,AA,0.4118935801788,0.4106380599378518
chr4,169500000,170000000,AA,0.4223906110539394,0.3655177468543368
chr4,170000000,170500000,AA,0.2072290866550389,0.288079203987473
chr4,170500000,171000000,AA,0.1525828681512006,0.1313361117351022
chr4,171000000,171500000,AA,0.0388421925569467,0.0767718956048155
chr4,171500000,172000000,AA,0.0416816168084999,0.0094652527341824
chr4,172000000,172500000,AA,0.1428576362662146,0.1672195579628331
chr4,172500000,173000000,AA,0.0858519732982582,0.1535935326564314
chr4,173000000,173500000,AA,0.2095778369597893,0.1419574151319164
chr4,173500000,174000000,AA,0.0390660091973603,0.1630885595899462
chr4,174000000,174500000,AA,0.0841868713173781,0.1814384627656102
chr4,174500000,175000000,AA,0.2134500990399602,0.1188701769424384
chr4,175000000,175500000,BA,-0.0442495597679948,0.1043790680753234
chr4,175500000,176000000,AA,0.0452078228536482,0.1529396516204284
chr4,176000000,176500000,AA,0.065771865185259,0.1382732153016259
chr4,176500000,177000000,AA,0.1682954677010077,0.0820684266759694
chr4,177000000,177500000,AA,0.1438058921136885,0.1358635533813646
chr4,177500000,178000000,AA,0.0522820710265944,0.0143811936466117
chr4,178000000,178500000,BB,-0.316488201938688,-0.1946448799165405
chr4,178500000,179000000,BB,-0.1923385143977428,-0.2107362093309364
chr4,179000000,179500000,BB,-0.2656112690048731,-0.2518212534226785
chr4,179500000,180000000,BB,-0.5538488094778068,-0.550285036594389
chr4,180000000,180500000,BB,-0.6093672055809124,-0.9895553348496716
chr4,180500000,181000000,BB,-0.8691860996162707,-0.9769241470055664
chr4,181000000,181500000,BB,-0.9885520015045708,-0.892404417040837
chr4,181500000,182000000,BB,-0.9812424900624822,-0.9291849967313398
chr4,182000000,182500000,BB,-0.6807891134952568,-0.8603935174006859
chr4,182500000,183000000,BB,-0.5671878332538264,-0.588499767805285
chr4,183000000,183500000,BB,-0.7638511320802264,-0.5039506006722261
chr4,183500000,184000000,BB,-0.8070519044798115,-0.6017945855783825
chr4,184000000,184500000,BB,-0.8063093609220955,-0.6562647704762242
chr4,184500000,185000000,BB,-0.7457894656496489,-0.4132669658577022
chr4,185000000,185500000,BB,-0.6064820089855985,-0.8211337612075591
chr4,185500000,186000000,BB,-0.7515839885277679,-1.1724412496395604
chr4,186000000,186500000,BB,-0.970967416538036,-1.1894511912558727
chr4,186500000,187000000,BB,-0.93643824422101,-1.062908437086585
chr4,187000000,187500000,BB,-0.8689552152015438,-1.0853336054853395
chr4,187500000,188000000,BB,-0.771569042547006,-0.9821003605054632
chr4,188000000,188500000,BB,-0.8261263834539985,-0.9207804607280814
chr4,188500000,189000000,BB,-1.0552946295613177,-1.1676319565263522
chr4,189000000,189500000,BB,-1.046015040019797,-1.3556100348581963
chr4,189500000,190000000,BB,-0.4873729937719116,-1.1892279404125603
chr5,1500000,2000000,AA,0.1606275455221869,0.4090184870622647
chr5,2000000,2500000,AA,0.0959196158772862,0.2171212992268497
chr5,2500000,3000000,AA,0.0990023204551752,0.0407656169371791
chr5,3000000,3500000,BA,-0.0082508523204034,0.3015938077100901
chr5,3500000,4000000,AA,0.121208571043461,0.2905261382845279
chr5,4000000,4500000,BA,-0.0454326256889608,0.2828114645713282
chr5,4500000,5000000,BA,-0.1653015265242256,0.1867606643951898
chr5,5000000,5500000,BA,-0.1102561715070282,0.0305220446768838
chr5,5500000,6000000,BA,-0.1350200738357905,0.0621102561992375
chr5,6000000,6500000,BA,-0.0868508361024887,0.1776953999388507
chr5,6500000,7000000,BA,-0.1792245947708082,0.1345718486338787
chr5,7000000,7500000,AB,0.077838064137985,-0.2151039799012075
chr5,7500000,8000000,BB,-0.0419445318104798,-0.282424533580757
chr5,8000000,8500000,BB,-0.3319744667316708,-0.5406889041597126
chr5,8500000,9000000,BB,-0.318201141677605,-0.3824905177150796
chr5,9000000,9500000,BB,-0.1538577291235578,-0.2972796607151787
chr5,9500000,10000000,BA,-0.0890177629297719,0.0458548612504424
chr5,10000000,10500000,BA,-0.2018312029849444,0.0541159345603813
chr5,10500000,11000000,BB,-0.2448129924512034,-0.01040606496241
chr5,11000000,11500000,BB,-0.4007026817610318,-0.1834783436751878
chr5,11500000,12000000,BB,-0.4004103040647938,-0.5711767098305176
chr5,12000000,12500000,BB,-0.4983994622544965,-0.6430259073676604
chr5,12500000,13000000,BB,-0.7106970399489287,-0.7489936589577557
chr5,13000000,13500000,BB,-0.4581204677493407,-0.5996777820289472
chr5,13500000,14000000,BB,-0.3566203472403276,-0.1876102697794792
chr5,14000000,14500000,BB,-0.3711833435328869,-0.0839490979892653
chr5,14500000,15000000,BA,-0.4240967032090648,0.0600567483650536
chr5,15000000,15500000,BB,-0.5449194632282927,-0.2773763085496025
chr5,15500000,16000000,BB,-0.4009005525460921,-0.1222274986938681
chr5,16000000,16500000,BA,-0.0278164747669957,0.1683849078152351
chr5,16500000,17000000,AA,0.0054514173462429,0.3796103290081049
chr5,17000000,17500000,BA,-0.0740463878814146,0.0941746776901406
chr5,17500000,18000000,BB,-0.3216719947514269,-0.0282628452568677
chr5,18000000,18500000,BB,-0.4464893690895229,-0.2662944036848954
chr5,18500000,19000000,BB,-0.6140210033560768,-0.355426876296913
chr5,19000000,19500000,BB,-0.5495340440850289,-0.2561379816095666
chr5,19500000,20000000,BB,-0.5486933496922005,-0.041164666043226
chr5,20000000,20500000,BA,-0.4223475941222263,0.1734531589005498
chr5,21000000,21500000,BA,-0.4013896816256327,0.0112837822919639
chr5,21500000,22000000,BB,-0.2457899819719074,-0.0026875654272462
chr5,22000000,22500000,BB,-0.4295470781273391,-0.1789838766463699
chr5,22500000,23000000,BB,-0.4175531931239765,-0.3255095581814849
chr5,23000000,23500000,BB,-0.3019976915086018,-0.3362070734261502
chr5,23500000,24000000,BB,-0.2420925645502823,-0.2224546625812009
chr5,24000000,24500000,BB,-0.1247008909127995,-0.4943702064201297
chr5,24500000,25000000,BB,-0.0068409341657161,-0.3638888290858778
chr5,25000000,25500000,AB,0.0463324074511235,-0.4778887182710085
chr5,25500000,26000000,AB,0.1113188814947519,-0.4894911257720396
chr5,26000000,26500000,BB,-0.0776909595590997,-0.3960485355029415
chr5,26500000,27000000,BB,-0.1184915444189105,-0.3748868744426821
chr5,27000000,27500000,AB,0.0721792081627022,-0.2768103492796184
chr5,27500000,28000000,AB,0.0759905115311622,-0.3495901228289235
chr5,28000000,28500000,AB,0.0701175451851962,-0.2866264572417102
chr5,28500000,29000000,BB,-0.0423875161313203,-0.2633922358800214
chr5,29000000,29500000,BB,-0.0172119688104347,-0.2455116457500296
chr5,29500000,30000000,AB,0.0949636133228892,-0.3567054225447447
chr5,30000000,30500000,AB,0.1213946580205282,-0.4691294546809166
chr5,30500000,31000000,BB,-0.204653865201244,-0.2042021307830103
chr5,31000000,31500000,AB,0.0228432722614485,-0.1797207292418553
chr5,31500000,32000000,BB,-0.0088156838201661,-0.076965465505066
chr5,32000000,32500000,BA,-0.201979238069473,0.1499463172894691
chr5,32500000,33000000,BA,-0.2327794244769012,0.018191432803499
chr5,33000000,33500000,BB,-0.2027453549154856,-0.359884770511505
chr5,33500000,34000000,BA,-0.0950887713305534,0.0561087724950578
chr5,34500000,35000000,BA,-0.1998815010936267,0.0911069133081116
chr5,35000000,35500000,BB,-0.2781394564708278,-0.2472414320023059
chr5,35500000,36000000,BB,-0.3606520994586974,-0.246335900999584
chr5,36000000,36500000,BB,-0.054507320153818,-0.3871924867155915
chr5,36500000,37000000,BB,-0.1729615594437204,-0.4630628120711845
chr5,37000000,37500000,BB,-0.1313444588361331,-0.4281188466524275
chr5,37500000,38000000,AB,0.0632966716554916,-0.1641327913586708
chr5,38000000,38500000,AB,0.2772226674083369,-0.2605261336876756
chr5,38500000,39000000,AB,0.0322164133431499,-0.5477998628696358
chr5,39000000,39500000,AB,0.3097436943340771,-0.4794822851879183
chr5,39500000,40000000,AB,0.2654543190155763,-0.360632396996189
chr5,40000000,40500000,AB,0.2518338056208276,-0.3619458437968074
chr5,40500000,41000000,AB,0.4459441484628843,-0.1535781468475812
chr5,41000000,41500000,AB,0.5545584491844759,-0.0708652908623211
chr5,41500000,42000000,AA,0.5275540491912534,0.11671792692384
chr5,42000000,42500000,AB,0.6284863788865354,-0.0132800068779066
chr5,42500000,43000000,AA,0.5000582704262067,0.290397702335238
chr5,43000000,43500000,AA,0.3499529295906479,0.3922857765465967
chr5,43500000,44000000,AA,0.7647831039068496,0.4534782773976392
chr5,44000000,44500000,AA,0.6024575513538998,0.3854022111670442
chr5,44500000,45000000,AA,0.5910303070128087,0.1417154704886971
chr5,45000000,45500000,AA,0.6407673829067294,0.2710411783814208
chr5,50500000,51000000,AA,0.5023718810458992,0.4900420235378058
chr5,51000000,51500000,AA,0.3156711755479204,0.4673594449676072
chr5,51500000,52000000,AA,0.1887164945254547,0.5398082693702481
chr5,52000000,52500000,AA,0.1767960984521707,0.3420971253826675
chr5,52500000,53000000,AA,0.1129439365543956,0.5037486338546152
chr5,53000000,53500000,AA,0.149292631755805,0.4339900462733508
chr5,53500000,54000000,AA,0.0093659714141976,0.2873252647212875
chr5,54000000,54500000,BA,-0.0002109460622154,0.3877848468266968
chr5,54500000,55000000,AA,0.1302648133425613,0.3597607468550616
chr5,55000000,55500000,BA,-0.027766339776817,0.4976200429819681
chr5,55500000,56000000,AA,0.2791904941269692,0.4592828977452208
chr5,56000000,56500000,AA,0.0710780117401822,0.4767741054128365
chr5,56500000,57000000,AA,0.0616389719422146,0.4770778870820091
chr5,57000000,57500000,BA,-0.1698888335299964,0.4034528708291421
chr5,57500000,58000000,BA,-0.1331753514204662,0.1743735665356907
chr5,58000000,58500000,BA,-0.2422073614812467,0.0469141555677193
chr5,58500000,59000000,BA,-0.1936399702940887,0.0593675405422675
chr5,59000000,59500000,BB,-0.2564425362450013,-0.0727545522954649
chr5,59500000,60000000,BB,-0.0543473816071322,-0.0244538436496549
chr5,60000000,60500000,BB,-0.0912928039786148,-0.0754999407039565
chr5,60500000,61000000,AA,0.028387556412077,0.0391491251501968
chr5,61000000,61500000,AA,0.2939804541601423,0.3021228630080328
chr5,61500000,62000000,AA,0.2758803730465989,0.3954893870033726
chr5,62000000,62500000,AA,0.1034964013807065,0.1762985084873501
chr5,62500000,63000000,AA,0.1230717151654424,0.2102614551907245
chr5,63000000,63500000,BB,-0.1185310002021771,-0.0314308547603698
chr5,63500000,64000000,BB,-0.0932950941431363,-0.3348248574434821
chr5,64000000,64500000,AB,0.0518317649307787,-0.2230657817202024
chr5,64500000,65000000,AB,0.0625405373161039,-0.1763979838374465
chr5,65000000,65500000,AA,0.2748247608884697,0.1758212014411768
chr5,65500000,66000000,AA,0.4938856320268893,0.2223925928213562
chr5,66000000,66500000,AA,0.4628879932321024,0.2436217328697152
chr5,66500000,67000000,AA,0.358336823255162,0.1735171253371445
chr5,67000000,67500000,AA,0.4888804637275226,0.1720603391150958
chr5,67500000,68000000,AB,0.3437630007554657,-0.0036593359408394
chr5,68000000,68500000,AA,0.5243619376901479,0.1152426127768182
chr5,68500000,69000000,AA,0.4188868473690181,0.0704434802601508
chr5,69000000,69500000,AA,0.54421081710423,0.3159691445091392
chr5,71500000,72000000,AB,0.3034089432511549,-0.1003385081310604
chr5,72000000,72500000,AB,0.2748132742480494,-0.1209128552350849
chr5,72500000,73000000,AB,0.117152910860905,-0.1345456810463611
chr5,73000000,73500000,BB,-0.0245465203231442,-0.1730381430157304
chr5,73500000,74000000,AB,0.0103905908601992,-0.1256967940823763
chr5,74000000,74500000,BB,-0.0413148932131253,-0.0461104741965609
chr5,74500000,75000000,BB,-0.1353715967086073,-0.0970813197556678
chr5,75000000,75500000,BB,-0.1371843954800088,-0.0801774826814277
chr5,75500000,76000000,BB,-0.1759817448040628,-0.0866393030728019
chr5,76000000,76500000,BB,-0.1281399123918305,-0.1406483713149581
chr5,76500000,77000000,BB,-0.0034250695703515,-0.0994905937967421
chr5,77000000,77500000,AB,0.1142308004739597,-0.1169661541189868
chr5,77500000,78000000,BB,-0.0901254405344236,-0.1954102235688752
chr5,78000000,78500000,BB,-0.5870845701163747,-0.3431218353730393
chr5,78500000,79000000,BB,-0.3342953056265318,-0.3173574236016642
chr5,79000000,79500000,BB,-0.2619765064116601,-0.2597829860639242
chr5,79500000,80000000,BB,-0.3166382546208772,-0.3974468045141214
chr5,80000000,80500000,BB,-0.1087771490545373,-0.1829456953687605
chr5,80500000,81000000,BB,-0.1929950433998871,-0.3479024567810654
chr5,81000000,81500000,BB,-0.0121578204495418,-0.2541430941641116
chr5,81500000,82000000,BB,-0.1518439317951634,-0.4602324851501116
chr5,82000000,82500000,BB,-0.0989400974295585,-0.4630666040330329
chr5,82500000,83000000,BB,-0.2160669540714906,-0.5204757115468714
chr5,83000000,83500000,BB,-0.3578989280311384,-0.7991610450228281
chr5,83500000,84000000,BB,-0.4652198411092003,-0.8164814185588651
chr5,84000000,84500000,BB,-0.5365817544330365,-0.7005398784746957
chr5,84500000,85000000,BB,-0.439861804829586,-0.7322546078495009
chr5,85000000,85500000,BB,-0.3414496873348806,-0.5101165270290011
chr5,85500000,86000000,BB,-0.2065194991105043,-0.3439441309265544
chr5,86000000,86500000,BB,-0.1875863975555516,-0.4057845445984531
chr5,86500000,87000000,BB,-0.1977672150103776,-0.3018515185879324
chr5,87000000,87500000,BB,-0.2457310662860676,-0.0976130706779038
chr5,87500000,88000000,BB,-0.4383222673380907,-0.3490368432419612
chr5,88000000,88500000,BB,-0.3597727524468486,-0.3975889146873785
chr5,88500000,89000000,BB,-0.4772904817241114,-0.5699968210861901
chr5,89000000,89500000,BB,-0.46105204901785,-0.542620865507761
chr5,89500000,90000000,BB,-0.4476923492514354,-0.4730126812226999
chr5,90000000,90500000,BB,-0.2838285282654736,-0.5563419681667329
chr5,90500000,91000000,BB,-0.2723191895178782,-0.4506548901135657
chr5,91000000,91500000,BB,-0.2554362186443827,-0.296037791849247
chr5,91500000,92000000,BB,-0.482973290112483,-0.5770399563643941
chr5,92000000,92500000,BB,-0.4105433555619761,-0.7098648096127035
chr5,92500000,93000000,BB,-0.3942747634166273,-0.5588446262765195
chr5,93000000,93500000,BB,-0.2861493599675937,-0.445644599172012
chr5,93500000,94000000,BB,-0.2513692025744629,-0.3187303365758435
chr5,94000000,94500000,BB,-0.1871429745992609,-0.5106889083122886
chr5,94500000,95000000,BB,-0.3476056711392778,-0.4377524749401437
chr5,95000000,95500000,BB,-0.232036651751131,-0.4458966886683215
chr5,95500000,96000000,BB,-0.1979738590808509,-0.3938544682578601
chr5,96000000,96500000,BB,-0.2284696010868165,-0.5124187412245048
chr5,96500000,97000000,BB,-0.0631108491066185,-0.3342144497269396
chr5,97000000,97500000,BB,-0.1501032727362446,-0.345698927643451
chr5,97500000,98000000,BB,-0.2403504908887729,-0.3630493169761275
chr5,98000000,98500000,BB,-0.1663429572350623,-0.3634014560708387
chr5,98500000,99000000,BB,-0.0376248165259139,-0.2154324366929022
chr5,99000000,99500000,BB,-0.0745166114243158,-0.2771473073907413
chr5,99500000,100000000,BB,-0.3447289469934503,-0.3632045844181925
chr5,100000000,100500000,BB,-0.452103499409572,-0.0801513109781774
chr5,100500000,101000000,BB,-0.4697335112887917,-0.3824754622935361
chr5,101000000,101500000,BB,-0.5149688409600393,-0.4340196918796466
chr5,101500000,102000000,BB,-0.5577015146711805,-0.3758584037426132
chr5,102000000,102500000,BB,-0.6456167358876104,-0.2755516796570348
chr5,102500000,103000000,BB,-0.604821221802028,-0.3808984202081856
chr5,103000000,103500000,BB,-0.6002806328230712,-0.3521148106406511
chr5,103500000,104000000,BB,-0.5879173207765057,-0.4580569721646531
chr5,104000000,104500000,BB,-0.5644421298494716,-0.5537772454917097
chr5,104500000,105000000,BB,-0.5305274239451754,-0.4412480536281564
chr5,105000000,105500000,BB,-0.5306833053432214,-0.329043190735609
chr5,105500000,106000000,BB,-0.5490657510444499,-0.4018998514343271
chr5,106000000,106500000,BB,-0.5602818036191136,-0.760302535877702
chr5,106500000,107000000,BB,-0.5893831082356427,-0.6917218322082578
chr5,107000000,107500000,BB,-0.6075315021404057,-0.6477076136202765
chr5,107500000,108000000,BB,-0.6433380661825963,-0.6831738515652447
chr5,108000000,108500000,BB,-0.5532249817041853,-0.5441473868993348
chr5,108500000,109000000,BB,-0.1342042792978089,-0.1446032743622343
chr5,109000000,109500000,BB,-0.1994934798756824,-0.2161285860216799
chr5,109500000,110000000,BB,-0.2785160724169152,-0.3984640495609512
chr5,110000000,110500000,BB,-0.3516483898612526,-0.4092018629304866
chr5,110500000,111000000,BB,-0.4945720696363264,-0.4478105914200364
chr5,111000000,111500000,BB,-0.4815306618708085,-0.3567992470760913
chr5,111500000,112000000,BB,-0.2949769921364568,-0.1776658783926586
chr5,112000000,112500000,BB,-0.288673481400436,-0.0910144425955252
chr5,112500000,113000000,BA,-0.1408740704999012,0.0526090407171474
chr5,113000000,113500000,BB,-0.132621673748689,-0.0201302141274569
chr5,113500000,114000000,BB,-0.22485251787282,-0.2089397589946486
chr5,114000000,114500000,BB,-0.2942228552682354,-0.1106768334954631
chr5,114500000,115000000,BB,-0.0039095275058388,-0.0746359437672126
chr5,115000000,115500000,BA,-0.0029301709221592,0.0182122101970671
chr5,115500000,116000000,BB,-0.249551912387636,-0.1435121188019874
chr5,116000000,116500000,BB,-0.306013465008539,-0.2830032758491924
chr5,116500000,117000000,BB,-0.3235768575611134,-0.3005121509329246
chr5,117000000,117500000,BB,-0.6700440305999076,-0.2602865317556912
chr5,117500000,118000000,BB,-0.7869990967656396,-0.552471288930274
chr5,118000000,118500000,BB,-0.7061686342577954,-0.4690614718554148
chr5,118500000,119000000,BB,-0.3847786825002637,-0.3188769236197765
chr5,119000000,119500000,BB,-0.3151291594357666,-0.3520862154699835
chr5,119500000,120000000,BB,-0.5472395541048791,-0.5037382943408866
chr5,120000000,120500000,BB,-0.5164645903796296,-0.3627463184796475
chr5,120500000,121000000,BB,-0.6777152802079708,-0.4541799628298262
chr5,121000000,121500000,BB,-0.636282300584059,-0.5916965279013445
chr5,121500000,122000000,BB,-0.4361416303803864,-0.5244058428966669
chr5,122000000,122500000,BB,-0.0975761510488281,-0.1445162623762033
chr5,122500000,123000000,BB,-0.1266974327716525,-0.1877214601531354
chr5,123000000,123500000,BB,-0.4204417274316085,-0.5473673230273144
chr5,123500000,124000000,BB,-0.5851017671033527,-0.5869337549549485
chr5,124000000,124500000,BB,-0.4601429362916524,-0.4771962688829754
chr5,124500000,125000000,BB,-0.2672842034566904,-0.4516449879165448
chr5,125000000,125500000,BB,-0.4477927087688715,-0.4997982044912287
chr5,125500000,126000000,BB,-0.3962871439655479,-0.3636093812605762
chr5,126000000,126500000,BB,-0.0480963334681748,-0.1314487459997651
chr5,126500000,127000000,AB,0.004059472683932,-0.1050672395709543
chr5,127000000,127500000,BB,-0.248400469832566,-0.2382779135086236
chr5,127500000,128000000,BB,-0.3635270535554884,-0.4168900128482849
chr5,128000000,128500000,BB,-0.5368132137683113,-0.4674562149045738
chr5,128500000,129000000,BB,-0.7215455353964053,-0.6193033766365124
chr5,129000000,129500000,BB,-0.7567347112614322,-0.6436757075410546
chr5,129500000,130000000,BB,-0.8294539556990066,-0.7069323008762997
chr5,130000000,130500000,BB,-0.7783411490859434,-0.7426820360956417
chr5,130500000,131000000,BB,-0.5722822811454988,-0.6150460011564145
chr5,131000000,131500000,BB,-0.1347585751698675,-0.3995825635279055
chr5,131500000,132000000,AB,0.0464652867178897,-0.1729977621963424
chr5,132000000,132500000,AA,0.2252874226211856,0.0066603051781652
chr5,132500000,133000000,AA,0.2691928032394928,0.0783761590252089
chr5,133000000,133500000,AA,0.4253341254139526,0.1384515067907702
chr5,133500000,134000000,AA,0.3259314062857926,0.1588469578779435
chr5,134000000,134500000,AA,0.3952029362903761,0.2470191038665531
chr5,134500000,135000000,AA,0.4918982059227443,0.2686407603003315
chr5,135000000,135500000,AA,0.6091271344782173,0.3890956829452365
chr5,135500000,136000000,AA,0.3964511025117784,0.2626397065387585
chr5,136000000,136500000,AA,0.2812757014356012,0.3045082124005303
chr5,136500000,137000000,AA,0.3390581783823383,0.2860257341902386
chr5,137000000,137500000,AA,0.4629131222002869,0.4779210257459085
chr5,137500000,138000000,AA,0.595551551566099,0.4189314514780763
chr5,138000000,138500000,AA,0.6869719794931622,0.3702060004926186
chr5,138500000,139000000,AA,0.5535847711662605,0.4814823902381813
chr5,139000000,139500000,AA,0.5341142464303982,0.4986027671491563
chr5,139500000,140000000,AA,0.6425150166283738,0.5227821112896929
chr5,140000000,140500000,AA,0.5591171844587565,0.5142971149623704
chr5,140500000,141000000,AA,0.1720141861784104,0.1558399403794469
chr5,141000000,141500000,AA,0.162060259406747,0.1517678331991565
chr5,141500000,142000000,AA,0.2845444004385103,0.41178975412477
chr5,142000000,142500000,AA,0.1387385620958463,0.1790051880111282
chr5,142500000,143000000,AA,0.168955079770399,0.15494520191128
chr5,143000000,143500000,AA,0.0364870722514867,0.0587417772660235
chr5,143500000,144000000,BB,-0.2083547773753243,-0.2014177170739781
chr5,144000000,144500000,BB,-0.3750098358020409,-0.3223957166938135
chr5,144500000,145000000,BB,-0.5377194519063258,-0.3937470729035185
chr5,145000000,145500000,BB,-0.4357559875851983,-0.2469229032769264
chr5,145500000,146000000,BB,-0.1772362964174028,-0.1110459905169989
chr5,146000000,146500000,BB,-0.0819534194499979,-0.033740549129888
chr5,146500000,147000000,AB,0.0588127866415219,-0.1826906562843215
chr5,147000000,147500000,BB,-0.1441063439861771,-0.2140645538431511
chr5,147500000,148000000,BB,-0.1895928958459512,-0.234857940849671
chr5,148000000,148500000,BB,-0.318656854091569,-0.1484999124610781
chr5,148500000,149000000,BB,-0.1823499031056315,-0.0504198719943916
chr5,149000000,149500000,AA,0.206798813307988,0.116633192336341
chr5,149500000,150000000,AA,0.3922894424062091,0.1946686480653404
chr5,150000000,150500000,AA,0.503159737711932,0.4362970454798267
chr5,150500000,151000000,AA,0.2045055222740127,0.2409421032915536
chr5,151000000,151500000,AA,0.3709537791203648,0.2511525768024397
chr5,151500000,152000000,AA,0.1978465623708717,0.1643550402932227
chr5,152000000,152500000,BA,-0.0524667850037737,0.0528802052685771
chr5,152500000,153000000,BB,-0.1825861520603432,-0.1573886630499435
chr5,153000000,153500000,BB,-0.2061627490563833,-0.2155888114029982
chr5,153500000,154000000,AB,0.0055446456301314,-0.0244923670339988
chr5,154000000,154500000,BA,-0.0646964414762848,0.0927922317779675
chr5,154500000,155000000,BA,-0.0622531267928355,0.1178718245900782
chr5,155000000,155500000,BB,-0.1328437353194189,-0.2063027732201739
chr5,155500000,156000000,BB,-0.276647643681837,-0.4174028345300974
chr5,156000000,156500000,BB,-0.3547918173099081,-0.5326738926780414
chr5,156500000,157000000,BB,-0.1888750076039262,-0.2058325244236544
chr5,157000000,157500000,AA,0.0871033845783598,0.1004818722121433
chr5,157500000,158000000,AA,0.081268705021441,0.0059823768992111
chr5,158000000,158500000,BB,-0.2669991640681692,-0.1217334770023842
chr5,158500000,159000000,BB,-0.3877565781322604,-0.2938407722424191
chr5,159000000,159500000,BB,-0.2627781955510485,-0.0611124279626023
chr5,159500000,160000000,BB,-0.0903825277477534,-0.0024488295099929
chr5,160000000,160500000,BB,-0.3578097343843791,-0.1394926684637967
chr5,160500000,161000000,BB,-0.726399360737766,-0.6464152841186199
chr5,161000000,161500000,BB,-0.7418974620564991,-0.9252417544229472
chr5,161500000,162000000,BB,-1.0636265206586606,-0.9095260303326564
chr5,162000000,162500000,BB,-0.7617902540841116,-0.8080113276016397
chr5,162500000,163000000,BB,-0.664006470196619,-0.7878611266877946
chr5,163000000,163500000,BB,-0.5396679096813315,-0.7894107863373883
chr5,163500000,164000000,BB,-0.7936804153771853,-0.8995824785353563
chr5,164000000,164500000,BB,-0.9420824530726416,-0.9858975136589476
chr5,164500000,165000000,BB,-1.050232145528798,-1.0612199416636168
chr5,165000000,165500000,BB,-0.8748136444244369,-1.0934742785604012
chr5,165500000,166000000,BB,-0.9640405854834806,-1.0515870207905984
chr5,166000000,166500000,BB,-0.9567212190719828,-1.0423018183890138
chr5,166500000,167000000,BB,-0.796406623875674,-0.8635707055128428
chr5,167000000,167500000,BB,-0.8452381113548204,-0.8741543983410692
chr5,167500000,168000000,BB,-0.4427147521113095,-0.5516811595789036
chr5,168000000,168500000,BB,-0.2004784474502451,-0.2581080029857678
chr5,168500000,169000000,BB,-0.0709388650544033,-0.1091208338211632
chr5,169000000,169500000,BB,-0.045810833667848,-0.2165784313582708
chr5,169500000,170000000,BB,-0.1451298797552082,-0.0330775872879061
chr5,170000000,170500000,BA,-0.0122386393987878,0.270179633349163
chr5,170500000,171000000,BA,-0.0524639981087331,0.1375127461828764
chr5,171000000,171500000,AA,0.073553329092382,0.1299516693135431
chr5,171500000,172000000,AA,0.210873976487714,0.3459228443416678
chr5,172000000,172500000,AA,0.3481546106598649,0.403315070178155
chr5,172500000,173000000,AA,0.4944901313616034,0.4876791471987008
chr5,173000000,173500000,AA,0.3859774179014544,0.4918297408904163
chr5,173500000,174000000,AA,0.3376292382690326,0.4693276950351809
chr5,174000000,174500000,AA,0.3272253778881617,0.4264212565451842
chr5,174500000,175000000,AA,0.3342591787609562,0.5271453603017342
chr5,175000000,175500000,AA,0.3572508177257396,0.5948986917564034
chr5,175500000,176000000,AA,0.523990879678452,0.514254843633932
chr5,176000000,176500000,AA,0.4939632170722093,0.6118907944267431
chr5,176500000,177000000,AA,0.5616732983136101,0.6572864741217358
chr5,177000000,177500000,AA,0.6107354193448505,0.6531274706984366
chr5,178000000,178500000,AA,0.5913290085959672,0.611976129200657
chr5,178500000,179000000,AA,0.6211365024111053,0.5992547544475744
chr5,179000000,179500000,AA,0.6665166283432883,0.7215795702902338
chr5,179500000,180000000,AA,0.6645714873208385,0.7024451446124341
chr5,180000000,180500000,AA,0.6779223768658666,0.5532280574180705
chr5,180500000,181000000,AA,0.5156301477623295,0.6158270154167147
chr6,500000,1000000,BA,-0.1628044646890891,0.1771030872150964
chr6,1000000,1500000,AA,0.0496155549973884,0.3794364207384443
chr6,1500000,2000000,AA,0.0828858216323495,0.3418949719807915
chr6,2000000,2500000,BA,-0.3144057758448498,0.2593650445010882
chr6,2500000,3000000,AA,0.2552285240279484,0.4002843167858417
chr6,3000000,3500000,AA,0.3029837612894838,0.5444166537844495
chr6,3500000,4000000,AA,0.1603475268178158,0.7179189593473524
chr6,4000000,4500000,AA,0.1714514260489423,0.6081472830691235
chr6,4500000,5000000,AA,0.1481057733124612,0.6245052293677247
chr6,5000000,5500000,BA,-0.0660789849432635,0.3258951691136799
chr6,5500000,6000000,AA,0.0529036356966328,0.2409349390554026
chr6,6000000,6500000,BA,-0.1818588062388989,0.2720992439167546
chr6,6500000,7000000,BA,-0.0450290864635395,0.3113230092832119
chr6,7000000,7500000,BA,-0.1159631482689755,0.4316583834812516
chr6,7500000,8000000,BA,-0.15801662975694,0.1987841995252642
chr6,8000000,8500000,BA,-0.361368027909093,0.1676297480594943
chr6,8500000,9000000,BB,-0.7307464194124569,-0.1083437815869603
chr6,9000000,9500000,BB,-0.4973636059789152,-0.0231769422776391
chr6,9500000,10000000,BB,-0.3641916209440941,-0.1084343469332643
chr6,10000000,10500000,BA,-0.1276893670298728,0.012488571238591
chr6,10500000,11000000,BA,-0.0615198504656015,0.3420230548419379
chr6,11000000,11500000,BA,-0.2458453093367625,0.0606749146510463
chr6,11500000,12000000,BA,-0.2431161399876197,0.1418226111053696
chr6,12000000,12500000,BB,-0.179612806794445,-0.0007086032775032
chr6,12500000,13000000,BA,-0.2610553503878568,0.0084241750610819
chr6,13000000,13500000,AA,0.0928418754946612,0.1824170205576849
chr6,13500000,14000000,AA,0.0226371570696678,0.1434824812030754
chr6,14000000,14500000,AA,0.0482598583867171,0.3391134537961852
chr6,14500000,15000000,AA,0.2208937947802328,0.4336086358358845
chr6,15000000,15500000,AA,0.3716718218544551,0.8997110208887806
chr6,15500000,16000000,AA,0.1823390761465815,0.5256686948046843
chr6,16000000,16500000,BA,-0.0509965724116536,0.4291752254278903
chr6,16500000,17000000,BA,-0.1768986076246508,0.3264110334025978
chr6,17000000,17500000,BA,-0.1100674408247996,0.2672548364355198
chr6,17500000,18000000,AA,0.089610343641909,0.4900986167360958
chr6,18000000,18500000,AA,0.0060572201758415,0.1814782935372817
chr6,18500000,19000000,BA,-0.2464003613942285,0.1746636572659843
chr6,19000000,19500000,BA,-0.2724921026876564,0.2026453406932103
chr6,19500000,20000000,BA,-0.1979070194146741,0.0927117369580068
chr6,20000000,20500000,BA,-0.3057942745078826,0.1187497566992856
chr6,20500000,21000000,BB,-0.4216385423317069,-0.0599963821616064
chr6,21000000,21500000,BB,-0.4286292432481429,-0.2172558806594109
chr6,21500000,22000000,BB,-0.3871166868267946,-0.0853893941847397
chr6,22000000,22500000,BB,-0.5846310648500889,-0.2722420940262962
chr6,22500000,23000000,BB,-0.6992332684135134,-0.3169212576220445
chr6,23000000,23500000,BB,-0.7853911116476886,-0.184683645558839
chr6,23500000,24000000,BB,-0.6625102835214781,-0.1410166809465324
chr6,24000000,24500000,BA,-0.4014792616362961,0.2077804410886085
chr6,24500000,25000000,BA,-0.2943310138554845,0.5682865547713841
chr6,25000000,25500000,BA,-0.5168305470995828,0.0428721905224429
chr6,25500000,26000000,BA,-0.3796459506462766,0.3159038742611852
chr6,26000000,26500000,BA,-0.1904207119868368,0.35431597156382
chr6,27000000,27500000,AA,0.1115041952151491,0.3369357617942221
chr6,27500000,28000000,AA,0.101503394031467,0.454475293948722
chr6,28000000,28500000,AA,0.1159664042494733,0.4472522939089878
chr6,28500000,29000000,AA,0.1172867936347957,0.4283061412517449
chr6,29000000,29500000,AA,0.1465251380056033,0.3096049241252477
chr6,29500000,30000000,AA,0.3881000833166051,0.6390193011932325
chr6,30000000,30500000,AA,0.3339666835244267,0.5210412018246163
chr6,30500000,31000000,AA,0.5697599952432806,0.4819384868116182
chr6,31000000,31500000,AA,0.6736200051909068,0.3473937070501899
chr6,31500000,32000000,AA,0.7000308965948239,0.3868188721163043
chr6,32000000,32500000,AA,0.4894788860437734,0.3080038636058451
chr6,32500000,33000000,AA,0.4164579019621025,0.3005141185538714
chr6,33000000,33500000,AA,0.4627631143083916,0.313473180417378
chr6,33500000,34000000,AA,0.5635375471389826,0.3321665366257629
chr6,34000000,34500000,AA,0.4779477338336711,0.3976862285516025
chr6,34500000,35000000,AA,0.4202259359421355,0.2071869727045821
chr6,35000000,35500000,AA,0.5450998939468218,0.3395796042000418
chr6,35500000,36000000,AA,0.4591271201769883,0.3671713607166115
chr6,36000000,36500000,AA,0.5502958797461359,0.3459574628042346
chr6,36500000,37000000,AA,0.530112242624605,0.2543681991672288
chr6,37000000,37500000,AA,0.4723671137474323,0.2269371008387125
chr6,37500000,38000000,AA,0.5592938633597329,0.2923522427979313
chr6,38000000,38500000,AA,0.3118461195561944,0.2885137300034203
chr6,38500000,39000000,AA,0.1014768890972118,0.3399923557614821
chr6,39000000,39500000,AA,0.0188967015548988,0.2198089210825358
chr6,39500000,40000000,BA,-0.0469822536106073,0.2185728855750333
chr6,40000000,40500000,AA,0.1014551901387029,0.2349800912744643
chr6,40500000,41000000,AA,0.2889971197737892,0.3902687405509709
chr6,41000000,41500000,AA,0.3094421134753928,0.4799482490075558
chr6,41500000,42000000,AA,0.3498310035669976,0.2943089313784759
chr6,42000000,42500000,AA,0.2359608628676651,0.2494245612493535
chr6,42500000,43000000,AA,0.1876982117294321,0.1723500129513637
chr6,43000000,43500000,AA,0.3140747829682908,0.4751640670534859
chr6,43500000,44000000,AA,0.3654366591842282,0.3851114387311342
chr6,44000000,44500000,AA,0.1414792935809395,0.3529068464423318
chr6,44500000,45000000,BA,-0.3099709252097839,0.1410989212581156
chr6,45000000,45500000,BB,-0.4563557185778915,-0.052861607400592
chr6,45500000,46000000,BA,-0.2663128592240408,0.2350439151731546
chr6,46000000,46500000,BA,-0.4014076759759839,0.0856887946357991
chr6,46500000,47000000,BB,-0.3870211370142175,-0.0246042831136172
chr6,47000000,47500000,BA,-0.4210757153680919,0.2333468158713148
chr6,47500000,48000000,BB,-0.7183120415409808,-0.3094134795750144
chr6,48000000,48500000,BB,-0.7376934811919176,-0.5698020036558454
chr6,48500000,49000000,BB,-0.651266272035185,-0.554061230824448
chr6,49000000,49500000,BB,-0.7338988674775597,-0.5944515448339369
chr6,49500000,50000000,BB,-0.7393962519599856,-0.4056853354053406
chr6,50000000,50500000,BB,-0.8330967328766377,-0.7449453615862617
chr6,50500000,51000000,BB,-0.719041497425379,-0.6496702444989494
chr6,51000000,51500000,BB,-0.6031867925137149,-0.6083511697099604
chr6,51500000,52000000,BB,-0.5010203413581489,-0.4097443171008868
chr6,52000000,52500000,BB,-0.36014260660573,-0.2886304452716118
chr6,52500000,53000000,BB,-0.3036537381833767,-0.442453336084765
chr6,53000000,53500000,BB,-0.1932392228819359,-0.0147316488292592
chr6,53500000,54000000,BB,-0.480569351158908,-0.4481975248134335
chr6,54000000,54500000,BB,-0.7084394862724954,-0.8055358614360717
chr6,54500000,55000000,BB,-0.605880514203996,-0.8480629415922775
chr6,55000000,55500000,BB,-0.5185862822498997,-0.8788869043892362
chr6,55500000,56000000,BB,-0.5616083444047402,-0.91686526986896
chr6,56000000,56500000,BB,-0.5308212537066274,-0.8408895714057414
chr6,56500000,57000000,BB,-0.5207973980431155,-0.7520562614014228
chr6,57000000,57500000,BB,-0.3929392840046884,-0.409352033411594
chr6,61500000,62000000,BB,-1.4948455930731586,-1.6753955469367965
chr6,62000000,62500000,BB,-1.4718220615042303,-1.5534264674866487
chr6,63000000,63500000,BB,-1.0871001179141313,-1.2031035439862032
chr6,63500000,64000000,BB,-0.9872286492251972,-1.1961449645779227
chr6,64000000,64500000,BB,-1.1471033868910174,-1.12650985985817
chr6,64500000,65000000,BB,-1.009278693934384,-1.017907540869277
chr6,65000000,65500000,BB,-0.7595481840964708,-0.727835240746092
chr6,65500000,66000000,BB,-0.6634368560588076,-0.6135450369390323
chr6,66000000,66500000,BB,-0.6653776718067949,-0.6367551929598324
chr6,66500000,67000000,BB,-0.462326761909778,-0.5239046663168345
chr6,67000000,67500000,BB,-0.5336318377298492,-0.4087915508656037
chr6,67500000,68000000,BB,-0.5512207409366062,-0.3912664389430373
chr6,68000000,68500000,BB,-0.5257072149147511,-0.5406780149526669
chr6,68500000,69000000,BB,-0.4538747848021504,-0.3345592595438154
chr6,69000000,69500000,BB,-0.3605570546861366,-0.2994676359201906
chr6,69500000,70000000,BB,-0.3675023293631332,-0.2847033041306888
chr6,70000000,70500000,BB,-0.3085794696508807,-0.131274976780274
chr6,70500000,71000000,BB,-0.2724693938119275,-0.1554000227583922
chr6,71000000,71500000,BB,-0.2366075937072411,-0.172756792549295
chr6,71500000,72000000,BB,-0.2337257568776357,-0.2679655656262598
chr6,72000000,72500000,BB,-0.3095949606999802,-0.1973234827730991
chr6,72500000,73000000,BB,-0.3321359069846898,-0.2669582598806476
chr6,73000000,73500000,BB,-0.2284428350330768,-0.2530964124303005
chr6,73500000,74000000,BB,-0.3054637196629801,-0.3394305679595252
chr6,74000000,74500000,BB,-0.5806487909543111,-0.6334790141292996
chr6,74500000,75000000,BB,-0.720427722213722,-0.7719672571618688
chr6,75000000,75500000,BB,-0.5698603351909498,-0.6292103992989073
chr6,75500000,76000000,BB,-0.6311735942136273,-0.6939680128778807
chr6,76000000,76500000,BB,-0.8613032349367543,-0.8254059975716552
chr6,76500000,77000000,BB,-0.8489903654437417,-0.943511638807712
chr6,77000000,77500000,BB,-0.9444311435020448,-0.9847099257352258
chr6,77500000,78000000,BB,-0.8602056103421669,-0.8592441542090185
chr6,78000000,78500000,BB,-0.9259317717576944,-0.9315739652475964
chr6,78500000,79000000,BB,-0.8142095588999999,-0.8935439277734272
chr6,79000000,79500000,BB,-0.8218760565826224,-0.7313341144262658
chr6,79500000,80000000,BB,-0.7104548466030185,-0.6761870224879174
chr6,80000000,80500000,BB,-0.832352503254916,-0.6969702703978274
chr6,80500000,81000000,BB,-0.8722642357940558,-0.8823710122041223
chr6,81000000,81500000,BB,-0.9262654519476036,-0.8696654884192212
chr6,81500000,82000000,BB,-0.7477163081121985,-0.8454669069621202
chr6,82000000,82500000,BB,-0.4600464948896277,-0.7117903538818835
chr6,82500000,83000000,BB,-0.3945425652732021,-0.5737526663426639
chr6,83000000,83500000,BB,-0.332373200612338,-0.4848757206461055
chr6,83500000,84000000,BB,-0.3008685553066829,-0.303528180047715
chr6,84000000,84500000,BB,-0.3100868082575801,-0.3349880153443406
chr6,84500000,85000000,BB,-0.4607323329731138,-0.3277976047702496
chr6,85000000,85500000,BB,-0.4453404976372757,-0.3173459020768933
chr6,85500000,86000000,BB,-0.4870753325941795,-0.3290694452232601
chr6,86000000,86500000,BB,-0.6232010743335045,-0.7351493153669838
chr6,86500000,87000000,BB,-0.622751971073228,-0.7584307585879585
chr6,87000000,87500000,BB,-0.3705868837151969,-0.4091072820282085
chr6,87500000,88000000,BB,-0.1976935364232461,-0.3623502159318743
chr6,88000000,88500000,BB,-0.3104808146077172,-0.4038464880232396
chr6,88500000,89000000,BB,-0.2063805012557319,-0.2219838006875026
chr6,89000000,89500000,BB,-0.0423252454189193,-0.1359607557936656
chr6,89500000,90000000,BB,-0.0558666140509213,-0.1446324012538427
chr6,90000000,90500000,BB,-0.1297776510783968,-0.2634793705154294
chr6,90500000,91000000,BB,-0.2985997324598793,-0.2517038412453714
chr6,91000000,91500000,BB,-0.3515667433400328,-0.2881331907420307
chr6,91500000,92000000,BB,-0.4280078014413763,-0.5727456621308783
chr6,92000000,92500000,BB,-0.3042639338829176,-0.4979735982815007
chr6,92500000,93000000,BB,-0.3090083606499641,-0.4484012410919041
chr6,93000000,93500000,BB,-0.3751486480077517,-0.3441918753977099
chr6,93500000,94000000,BB,-0.1711774489744589,-0.2633382511477728
chr6,94000000,94500000,BB,-0.1297714108976963,-0.3388551385338839
chr6,94500000,95000000,AB,0.0002963864166772,-0.1618630728789737
chr6,95000000,95500000,AB,0.1322837692151193,-0.278064552815711
chr6,95500000,96000000,BB,-0.1086659540983384,-0.2526640083389781
chr6,96000000,96500000,AB,0.0492695691091303,-0.0290267586313637
chr6,96500000,97000000,BB,-0.0223522486284722,-0.0618093853581539
chr6,97000000,97500000,AA,0.1354584319724145,0.051220673969328
chr6,97500000,98000000,AA,0.0256141647256048,0.0467684381371834
chr6,98000000,98500000,AA,0.1470385697931165,0.2265214704641024
chr6,98500000,99000000,AA,0.3047306936114117,0.2810813267651418
chr6,99000000,99500000,AA,0.2919779309484029,0.0387629327834709
chr6,99500000,100000000,AA,0.2990088390805477,0.1195286207339931
chr6,100000000,100500000,AA,0.3737756626148375,0.2220724046953644
chr6,100500000,101000000,AA,0.1701211311812845,0.2542357962300255
chr6,101000000,101500000,AA,0.1485770571743953,0.2576558216682556
chr6,101500000,102000000,AA,0.3128309376949085,0.2871109724864477
chr6,102000000,102500000,AA,0.136217711257077,0.1808964738317719
chr6,102500000,103000000,AA,0.2876641745987419,0.0737988132891562
chr6,103000000,103500000,AA,0.224407258648395,0.2361668510027263
chr6,103500000,104000000,AA,0.2356327117396531,0.1889299302533236
chr6,104000000,104500000,AA,0.1528825698925054,0.228107712184841
chr6,104500000,105000000,AA,0.1780821426033916,0.1593417521796735
chr6,105000000,105500000,AA,0.2219734393039354,0.2651449921044533
chr6,105500000,106000000,AA,0.2520075915811137,0.1199832867817301
chr6,106000000,106500000,AA,0.347962640383931,0.149511207274879
chr6,106500000,107000000,AA,0.3734315222817674,0.1957369219791501
chr6,107000000,107500000,AA,0.5162941313549857,0.2459739804557301
chr6,107500000,108000000,AA,0.4137137445734065,0.0718184382125515
chr6,108000000,108500000,AA,0.4203670814275971,0.2074843094621075
chr6,108500000,109000000,AA,0.2706301088802083,0.0932651171397359
chr6,109000000,109500000,AA,0.2177034974966696,0.1092174047587949
chr6,109500000,110000000,AA,0.2556221544601309,0.0243570302242343
chr6,110000000,110500000,AA,0.208919588681948,0.2257888763853017
chr6,110500000,111000000,AA,0.2137436820005765,0.0533183402966285
chr6,111000000,111500000,AA,0.2672033051323993,0.2546305092592626
chr6,111500000,112000000,AA,0.0940792526974228,0.1393412693969096
chr6,112000000,112500000,AA,0.2856265165889665,0.1080990407846675
chr6,112500000,113000000,AA,0.2530762645775131,0.0082119583387614
chr6,113000000,113500000,AB,0.1192651543606895,-0.0589599794104912
chr6,113500000,114000000,AB,0.0434395955978605,-0.2177836680327063
chr6,114000000,114500000,BB,-0.0629403096812363,-0.1180803309169625
chr6,114500000,115000000,BB,-0.1869863064380119,-0.0913890248167224
chr6,115000000,115500000,BB,-0.6365875681282238,-0.297288711286275
chr6,115500000,116000000,BB,-0.3834336833153662,-0.0601081933403969
chr6,116000000,116500000,BB,-0.0538605714753557,-0.0233358840869585
chr6,116500000,117000000,BB,-0.0119870692697096,-0.0297854528629573
chr6,117000000,117500000,AA,0.0784875760343944,0.0284847881695636
chr6,117500000,118000000,AB,0.0642692533389655,-0.045329535024416
chr6,118000000,118500000,AA,0.1052412679029307,0.0346443676467074
chr6,118500000,119000000,AA,0.008979777914182,0.1489652191970081
chr6,119000000,119500000,BA,-0.0997743570345695,0.2196753712923867
chr6,119500000,120000000,BA,-0.1531813935448041,0.0408717289360597
chr6,120000000,120500000,BA,-0.3173975214405979,0.2140710298307847
chr6,120500000,121000000,BA,-0.2195939012404383,0.324557518116192
chr6,121000000,121500000,AA,0.0037797337546769,0.2050955007435338
chr6,121500000,122000000,BA,-0.0245909499672188,0.2424979317009253
chr6,122000000,122500000,AA,0.0442782509772117,0.1632039674445972
chr6,122500000,123000000,AA,0.0037619204537065,0.217887326974287
chr6,123000000,123500000,AB,0.267621700103986,-0.1058016678078156
chr6,123500000,124000000,AA,0.2068340994454999,0.0593153276588632
chr6,124000000,124500000,AB,0.3095980354081839,-0.0535903377720503
chr6,124500000,125000000,AA,0.3821351087750356,0.0585723334781544
chr6,125000000,125500000,AA,0.325283466661903,0.2031634902549433
chr6,125500000,126000000,AA,0.296428637148085,0.2928258574905856
chr6,126000000,126500000,AA,0.3294101831901119,0.2885614525069751
chr6,126500000,127000000,AA,0.3287494956670067,0.2560563424100906
chr6,127000000,127500000,AA,0.2852455878139847,0.0747857022971894
chr6,127500000,128000000,AA,0.181051557718608,0.1749477091764427
chr6,128000000,128500000,AA,0.2435007058541409,0.2594594611618338
chr6,128500000,129000000,AA,0.3324179397590134,0.2665175218957901
chr6,129000000,129500000,AA,0.5116363831428018,0.3803512426612784
chr6,129500000,130000000,AA,0.5750317214506258,0.345665519172646
chr6,130000000,130500000,AA,0.5865884276823441,0.2695719756566997
chr6,130500000,131000000,AA,0.4893086459274404,0.2690600374306004
chr6,131000000,131500000,AA,0.5466869244467609,0.2695252481880697
chr6,131500000,132000000,AA,0.6229260558970663,0.3087638556310684
chr6,132000000,132500000,AA,0.4961592191201573,0.2488616981315407
chr6,132500000,133000000,AA,0.5626932503695014,0.4019395837121947
chr6,133000000,133500000,AA,0.532263232923386,0.292504938110483
chr6,133500000,134000000,AA,0.552792784939637,0.4117371094237934
chr6,134000000,134500000,AA,0.631583637014053,0.6068382391244673
chr6,134500000,135000000,AA,0.5631157233392907,0.6353620335848256
chr6,135000000,135500000,AA,0.4293738643700356,0.5656849082264266
chr6,135500000,136000000,AA,0.4020771604258225,0.5335630794715993
chr6,136000000,136500000,AA,0.4582567357455759,0.546817190275172
chr6,136500000,137000000,AA,0.5533239295492582,0.5771910291496836
chr6,137000000,137500000,AA,0.5907310215005062,0.6615981757469599
chr6,137500000,138000000,AA,0.5591879391324251,0.4805995082668509
chr6,138000000,138500000,AA,0.5336088872470554,0.5934964430694424
chr6,138500000,139000000,AA,0.5408972426023803,0.4379429487335845
chr6,139000000,139500000,AA,0.5074634505031904,0.5493633190146103
chr6,139500000,140000000,AA,0.4905580919938507,0.4704281255285804
chr6,140000000,140500000,AA,0.525494824991179,0.3679436708585005
chr6,140500000,141000000,AA,0.5497329788697084,0.460616577381295
chr6,141000000,141500000,AA,0.3615698298191332,0.3843663609954952
chr6,141500000,142000000,AA,0.2197976945554596,0.4680904617851858
chr6,142000000,142500000,AA,0.2654841799243898,0.3300536809013252
chr6,142500000,143000000,AA,0.1582463246103824,0.2945727054964003
chr6,143000000,143500000,AA,0.3713070390886678,0.1957840241208526
chr6,143500000,144000000,AA,0.1972666146717883,0.2032708913460048
chr6,144000000,144500000,AA,0.1368766337324106,0.3662971615956273
chr6,144500000,145000000,AA,0.0986948314904831,0.2547106962596314
chr6,145000000,145500000,AA,0.1691179370092057,0.1743900174817758
chr6,145500000,146000000,AA,0.2345617033679527,0.1182384660206855
chr6,146000000,146500000,AA,0.3904730052016364,0.0701152544084884
chr6,146500000,147000000,AA,0.2601842831955707,0.2837710799123288
chr6,147000000,147500000,AA,0.1651236596256436,0.1036223884522786
chr6,147500000,148000000,AA,0.2231685425029677,0.2586562062638574
chr6,148000000,148500000,AA,0.3482086903417905,0.3301976261041891
chr6,148500000,149000000,AA,0.189570699635704,0.3032815224159889
chr6,149000000,149500000,AA,0.1400893737932247,0.3355785874539568
chr6,149500000,150000000,AA,0.1838897128647189,0.2215239802424371
chr6,150000000,150500000,AA,0.2694821078436248,0.2173403835553048
chr6,150500000,151000000,AA,0.3027676944586326,0.2491827737268651
chr6,151000000,151500000,AA,0.2040383216960264,0.3914670318649106
chr6,151500000,152000000,AA,0.3500318796152599,0.4185854281871893
chr6,152000000,152500000,AA,0.4752466676097396,0.376034168407567
chr6,152500000,153000000,AA,0.2675853759904276,0.2649491249961134
chr6,153000000,153500000,AA,0.1770494356972858,0.3411912336271533
chr6,153500000,154000000,AA,0.1075512948916221,0.1143064738466211
chr6,154000000,154500000,AB,0.0794349442969509,-0.0811352962982006
chr6,154500000,155000000,BB,-0.1628873996711568,-0.3092543384965792
chr6,155000000,155500000,BB,-0.0153289252330722,-0.2757085934215553
chr6,155500000,156000000,AB,0.068831095259836,-0.1999566001066306
chr6,156000000,156500000,AB,0.0949673878342607,-0.2246102886539281
chr6,156500000,157000000,BB,-0.0673628480203514,-0.1489552269685905
chr6,157000000,157500000,BB,-0.0961521447632775,-0.0021862800773798
chr6,157500000,158000000,BA,-0.0756880799730843,0.101018382497676
chr6,158000000,158500000,BA,-0.1677045371078594,0.0218870518661197
chr6,158500000,159000000,BA,-0.3729651367359863,0.1564913846118517
chr6,159000000,159500000,BB,-0.3525197307376675,-0.1615552901254632
chr6,159500000,160000000,BB,-0.24334083833416,-0.0913606206191495
chr6,160000000,160500000,BA,-0.0624056421244384,0.0074516994661659
chr6,160500000,161000000,BB,-0.3563651440122342,-0.4324644033388463
chr6,161000000,161500000,BB,-0.1979648495221513,-0.0494542781655574
chr6,161500000,162000000,BB,-0.0311183456201041,-0.2382348750355814
chr6,162000000,162500000,AB,0.0466503626713682,-0.1832434253491429
chr6,162500000,163000000,AB,0.0035106850098457,-0.1083427575323401
chr6,163000000,163500000,AB,0.2015813857486773,-0.0188872801282105
chr6,163500000,164000000,BB,-0.1079443929488193,-0.1800726863139077
chr6,164000000,164500000,BB,-0.1398673089110824,-0.2134676728925979
chr6,164500000,165000000,AB,0.0190412425181,-0.4158632521316193
chr6,165000000,165500000,BB,-0.1150144376695485,-0.3118059956311099
chr6,165500000,166000000,BB,-0.0099895308300554,-0.0130246162368955
chr6,166000000,166500000,AA,0.2214650764102186,0.0862091127831261
chr6,166500000,167000000,BA,-0.2832864117010154,0.1264859709545584
chr6,167000000,167500000,AA,0.0463846970635484,0.1809750868524895
chr6,167500000,168000000,AA,0.1215081176169216,0.2137411390518123
chr6,168000000,168500000,AA,0.1740501772392732,0.2109198998814064
chr6,168500000,169000000,AA,0.3157134262654236,0.1273015928977132
chr6,169000000,169500000,AA,0.1374288111243114,0.1955261362982271
chr6,169500000,170000000,AB,0.1395187688986408,-0.0148656598279167
chr6,170000000,170500000,BA,-0.0382275933495761,0.0456346308694871
chr7,2000000,2500000,AA,0.476632525378947,0.549356271996557
chr7,2500000,3000000,AA,0.4407979269821032,0.4887234302185702
chr7,3000000,3500000,AA,0.3986043289690931,0.2487869536497705
chr7,3500000,4000000,AA,0.2819363692026037,0.1461014885009417
chr7,4000000,4500000,AA,0.4176769203549624,0.2518838855571046
chr7,4500000,5000000,AA,0.3861224211350189,0.4325926889464498
chr7,5000000,5500000,AA,0.4641666773205382,0.3447786914830855
chr7,5500000,6000000,AA,0.6132456331996651,0.3987452676750082
chr7,6000000,6500000,AA,0.4724285763211618,0.4007257306506344
chr7,6500000,7000000,AA,0.3681561833199027,0.4230991627705043
chr7,7000000,7500000,AA,0.0694406316204304,0.0004475061397982
chr7,7500000,8000000,BB,-0.165676829909271,-0.3435004342303756
chr7,8000000,8500000,BA,-0.0547010710525835,0.00856268157059
chr7,8500000,9000000,BB,-0.4518670540808716,-0.4192252005624412
chr7,9000000,9500000,BB,-0.6127257196920287,-0.6192995702298976
chr7,9500000,10000000,BB,-0.5129491477863826,-0.4214835017864208
chr7,10000000,10500000,BB,-0.2859418282428558,-0.1613490093219448
chr7,10500000,11000000,BB,-0.1814215946785797,-0.1541398092608765
chr7,11000000,11500000,BB,-0.4905538638154725,-0.4241480176918658
chr7,11500000,12000000,BB,-0.5408990243765425,-0.3556698201113454
chr7,12000000,12500000,BB,-0.4633711941691039,-0.3673551595945534
chr7,12500000,13000000,BB,-0.45235442470658,-0.3550162773180735
chr7,13000000,13500000,BB,-0.6315365689437347,-0.5922263547262083
chr7,13500000,14000000,BB,-0.541330698481483,-0.5643363655030412
chr7,14000000,14500000,BB,-0.5938972296293116,-0.4948369907753588
chr7,14500000,15000000,BB,-0.6630102747814098,-0.6041169475188691
chr7,15000000,15500000,BB,-0.6656799911077748,-0.5461925342431532
chr7,15500000,16000000,BB,-0.6511428772152709,-0.6250148611398328
chr7,16000000,16500000,BB,-0.2454527574443083,-0.2534152151995382
chr7,16500000,17000000,BB,-0.4025901898102397,-0.5175790935191646
chr7,17000000,17500000,BB,-0.4852019693274022,-0.5066112355984866
chr7,17500000,18000000,AA,0.1472721468575025,0.0531714918856732
chr7,18000000,18500000,BB,-0.1656751581890673,-0.1885245133107383
chr7,18500000,19000000,BB,-0.4976130552792601,-0.6191583087966411
chr7,19000000,19500000,BB,-0.6424991771172157,-0.6101779609183504
chr7,19500000,20000000,BB,-0.6968153108284366,-0.6605647923152367
chr7,20000000,20500000,BB,-0.5464038495248752,-0.5540479981426011
chr7,20500000,21000000,BB,-0.4500728548762173,-0.4234425965435314
chr7,21000000,21500000,BB,-0.396049650480438,-0.4113121909499414
chr7,21500000,22000000,BB,-0.451265840022258,-0.4463955493938391
chr7,22000000,22500000,BB,-0.2095091422964223,-0.323697807551798
chr7,22500000,23000000,BB,-0.0418947025745797,-0.1348194577809067
chr7,23000000,23500000,AA,0.3211735058075873,0.3426498217233732
chr7,23500000,24000000,AA,0.3073346086837395,0.0551993418569515
chr7,24000000,24500000,BB,-0.0213868123984058,-0.2414434118268488
chr7,24500000,25000000,BB,-0.2056427052762298,-0.1687362923391087
chr7,25000000,25500000,AB,0.034317938001035,-0.0898773193333411
chr7,25500000,26000000,AA,0.0702226909984411,0.0343990448881706
chr7,26000000,26500000,AA,0.2047153338564202,0.1962816852077863
chr7,26500000,27000000,AB,0.0298221842117374,-0.0299974913723394
chr7,27000000,27500000,AA,0.1092651545188519,0.1508915628414984
chr7,27500000,28000000,AB,0.0757582601555388,-0.1626044968467082
chr7,28000000,28500000,BB,-0.1621811240779296,-0.1802595299213105
chr7,28500000,29000000,BB,-0.053174008024608,-0.2549433340267946
chr7,29000000,29500000,AB,0.0146664917574684,-0.1557942315607045
chr7,29500000,30000000,BB,-0.0671975375305648,-0.0445120195059709
chr7,30000000,30500000,AA,0.2136340643481086,0.159513943264922
chr7,30500000,31000000,AA,0.3049656932203537,0.261595411091012
chr7,31000000,31500000,AA,0.1803216137484537,0.1902010145697575
chr7,31500000,32000000,AA,0.2367460206228672,0.3144261000499972
chr7,32000000,32500000,AA,0.3555106282437213,0.3647971657031118
chr7,32500000,33000000,AA,0.3356766673916343,0.1842136392188654
chr7,33000000,33500000,AB,0.1844858673380546,-0.0869095867644369
chr7,33500000,34000000,AA,0.1898952448667845,0.1168887198874982
chr7,34000000,34500000,AA,0.1548634484405164,0.0182997766040827
chr7,34500000,35000000,AA,0.2675384770629263,0.141540071339298
chr7,35000000,35500000,AA,0.2132338954642855,0.236253904612224
chr7,35500000,36000000,AA,0.2214910152983823,0.3755626276665244
chr7,36000000,36500000,AA,0.1733827320447419,0.2158703830646756
chr7,36500000,37000000,BA,-0.0180703514993995,0.0600429560230608
chr7,37000000,37500000,BA,-0.2887685455608416,0.0179719670550216
chr7,37500000,38000000,BB,-0.4684881297880921,-0.2773220806052373
chr7,38000000,38500000,BB,-0.438021868981455,-0.3784213592509608
chr7,38500000,39000000,BB,-0.4640343905357096,-0.2202400346734035
chr7,39000000,39500000,BB,-0.2086113977643121,-0.2167366159719666
chr7,39500000,40000000,AA,0.1352213844126732,0.0682552731505399
chr7,40000000,40500000,BA,-0.0200739963795466,0.0573220081457742
chr7,40500000,41000000,BB,-0.019251523364324,-0.0148389068186323
chr7,41000000,41500000,BB,-0.3203670148589861,-0.2521804811525558
chr7,41500000,42000000,BB,-0.1498339947598459,-0.3301014381649328
chr7,42000000,42500000,BB,-0.1600780450956635,-0.1271663563311816
chr7,42500000,43000000,BB,-0.0580763098410372,-0.0714158664930658
chr7,43000000,43500000,AA,0.2262091806154445,0.0985085630597193
chr7,43500000,44000000,AA,0.2720434236990527,0.2832676249202701
chr7,44000000,44500000,AA,0.65937139729551,0.7028919817298027
chr7,44500000,45000000,AA,0.5955219048064565,0.620596274480913
chr7,45000000,45500000,AA,0.3129475705977441,0.4617593759698447
chr7,45500000,46000000,AA,0.2653472431578693,0.4961335159741158
chr7,46000000,46500000,BA,-0.1035348061790503,0.1318999620908963
chr7,46500000,47000000,BB,-0.1327551351696413,-0.0267221531816433
chr7,47000000,47500000,AA,0.0864870868748079,0.2087696278835754
chr7,47500000,48000000,AA,0.0081169872488397,0.1413124065612846
chr7,48000000,48500000,BB,-0.2746211182841633,-0.2195270427835107
chr7,48500000,49000000,BB,-0.3714910460848595,-0.3528617898071959
chr7,49000000,49500000,BB,-0.5574886836382744,-0.5459009131017405
chr7,49500000,50000000,BB,-0.5929057685123171,-0.5926263043830768
chr7,50000000,50500000,BB,-0.196763177307794,-0.1703476403128807
chr7,50500000,51000000,AA,0.2289312398987842,0.173143069819422
chr7,51000000,51500000,AA,0.1958692177721418,0.4191765285110107
chr7,51500000,52000000,BA,-0.0352308573282159,0.1625440765870722
chr7,52000000,52500000,BB,-0.2397606785368039,-0.2400138787722842
chr7,52500000,53000000,BB,-0.5390532904834812,-0.549566668780874
chr7,53000000,53500000,BB,-0.4215376612601925,-0.2747733228528366
chr7,53500000,54000000,BB,-0.2591831855288843,-0.3108563283011724
chr7,54000000,54500000,BB,-0.196138289362052,-0.1450008641831786
chr7,54500000,55000000,AB,0.0287383896214445,-0.1101187492962066
chr7,55000000,55500000,AA,0.3144791753814203,0.2484791064683125
chr7,55500000,56000000,AA,0.5440739154512985,0.5608824832047227
chr7,56000000,56500000,AA,0.7535396373551283,0.6764351429716683
chr7,57000000,57500000,AA,0.5773750924929452,0.5689537778686538
chr7,64500000,65000000,AA,0.6667207023232276,0.6390121048883427
chr7,66000000,66500000,AA,0.755899735855321,0.5510830980299191
chr7,66500000,67000000,AA,0.7503512887501319,0.6629744623329453
chr7,67000000,67500000,AA,0.6551613818951684,0.516768639912585
chr7,67500000,68000000,AA,0.5365626635919089,0.3735709145626197
chr7,68000000,68500000,AA,0.5262526083411779,0.4059291101370192
chr7,68500000,69000000,AA,0.524877541990931,0.339633455395749
chr7,69000000,69500000,AA,0.4558614379858716,0.3278713608342169
chr7,69500000,70000000,AA,0.3632386948924416,0.2227174815986231
chr7,70000000,70500000,AA,0.2258070531807967,0.299153110425382
chr7,70500000,71000000,AA,0.3848326037502303,0.3503119775359211
chr7,71000000,71500000,AA,0.3824969423423394,0.302775274082697
chr7,71500000,72000000,AA,0.3854945359742309,0.4182077665838264
chr7,72000000,72500000,AA,0.3946223662592645,0.4203761986983926
chr7,72500000,73000000,AA,0.5103578405926282,0.443806030486565
chr7,73500000,74000000,AA,0.6674415796991333,0.8516378401721113
chr7,74000000,74500000,AA,0.7264213364747815,0.9638476543632436
chr7,75500000,76000000,AA,0.6874234542666839,0.7094989102564127
chr7,76000000,76500000,AA,0.6751807943353373,0.3876304070284007
chr7,77000000,77500000,AB,0.077160803336231,-0.1689453567924236
chr7,77500000,78000000,BB,-0.0627647127462157,-0.2353367269996718
chr7,78000000,78500000,BB,-0.0505869128281596,-0.3748869429039885
chr7,78500000,79000000,BB,-0.3811588606057019,-0.6217776957847784
chr7,79000000,79500000,BB,-0.5307730110009597,-0.6362846576729311
chr7,79500000,80000000,BB,-0.541039779594375,-0.493042607378158
chr7,80000000,80500000,BB,-0.3772378152346612,-0.3611526692552982
chr7,80500000,81000000,BB,-0.3722745929452662,-0.4902602451748143
chr7,81000000,81500000,BB,-0.3082799493709905,-0.4235364063583788
chr7,81500000,82000000,BB,-0.4178758510222342,-0.4148184376499222
chr7,82000000,82500000,BB,-0.2317092589780988,-0.23749854363044
chr7,82500000,83000000,BB,-0.319228907939,-0.4575595428715869
chr7,83000000,83500000,BB,-0.4996578790562785,-0.4911081376949861
chr7,83500000,84000000,BB,-0.4937626899435233,-0.4205871250898376
chr7,84000000,84500000,BB,-0.4437886582817015,-0.5969567913154848
chr7,84500000,85000000,BB,-0.3021016890139617,-0.4063891942459254
chr7,85000000,85500000,BB,-0.5992362357177018,-0.5043382956809375
chr7,85500000,86000000,BB,-0.4222683839209988,-0.4507089461159203
chr7,86000000,86500000,BB,-0.3894736668496489,-0.4945253069724479
chr7,86500000,87000000,BB,-0.1702096973453305,-0.3935461624572653
chr7,87000000,87500000,BB,-0.033721417576021,-0.1705263506753857
chr7,87500000,88000000,BB,-0.2327885220956318,-0.3744588252049047
chr7,88000000,88500000,BB,-0.3791304238368415,-0.3203556873827305
chr7,88500000,89000000,BB,-0.3740994129531106,-0.4027298997857129
chr7,89000000,89500000,BB,-0.3876567492510333,-0.5092842528626422
chr7,89500000,90000000,BB,-0.3989346720206091,-0.2327245393643922
chr7,90000000,90500000,BB,-0.1839192400221871,-0.1352096399060576
chr7,90500000,91000000,BB,-0.2057360171711556,-0.2311580859449588
chr7,91000000,91500000,BB,-0.1753440867698004,-0.2982108757376838
chr7,91500000,92000000,BB,-0.1668268954965986,-0.1647450187007711
chr7,92000000,92500000,AA,0.0991725155999927,0.0158886410763868
chr7,92500000,93000000,BB,-0.1181991570909326,-0.091704328128926
chr7,93000000,93500000,BB,-0.437219301115287,-0.4167500345950261
chr7,93500000,94000000,BB,-0.5057476048750276,-0.5836166455091972
chr7,94000000,94500000,BB,-0.5940034798907035,-0.5557113181538045
chr7,94500000,95000000,BB,-0.5064406087443314,-0.3566001883663524
chr7,95000000,95500000,BB,-0.4811002057457059,-0.3841428455321664
chr7,95500000,96000000,BB,-0.3200241409412612,-0.2920863833590815
chr7,96000000,96500000,BB,-0.4692036548612494,-0.4173914049313736
chr7,96500000,97000000,BB,-0.3031399313783853,-0.1171723462390285
chr7,97000000,97500000,BA,-0.1361230581458364,0.0467916844996114
chr7,97500000,98000000,BA,-0.0288090764829605,0.1884892418054969
chr7,98000000,98500000,AA,0.5318513246848049,0.5300245504114057
chr7,98500000,99000000,AA,0.5846459168819746,0.71544418265574
chr7,99000000,99500000,AA,0.7171155372292441,0.7038863720753966
chr7,99500000,100000000,AA,0.6541289822102152,0.7076082366065688
chr7,100000000,100500000,AA,0.8503202794157171,0.7882356231376457
chr7,100500000,101000000,AA,0.8915611906686853,0.9743302496536628
chr7,101000000,101500000,AA,0.7237618927620159,0.7719386910462426
chr7,101500000,102000000,AA,0.7059558288969199,0.6480421773114028
chr7,102000000,102500000,AA,0.6494138114738915,0.646122070579654
chr7,103000000,103500000,AA,0.2586732685524768,0.2437858748623617
chr7,103500000,104000000,BB,-0.1484119823903443,-0.0881811602974329
chr7,104000000,104500000,BB,-0.251178518593044,-0.2714654760248354
chr7,104500000,105000000,BB,-0.0541384552732632,-0.0708040986020151
chr7,105000000,105500000,AA,0.2332348749284695,0.2397720010021874
chr7,105500000,106000000,AA,0.2366267122161171,0.3097786089279042
chr7,106000000,106500000,BA,-0.1065795363561172,0.0738545694707337
chr7,106500000,107000000,AB,0.030407918969412,-0.0851906999159173
chr7,107000000,107500000,BA,-0.0510838905697846,0.0124411714541372
chr7,107500000,108000000,BB,-0.1211427732805661,-0.101705990798759
chr7,108000000,108500000,BB,-0.2570645041321941,-0.2910837788203267
chr7,108500000,109000000,BB,-0.3101251988446444,-0.3237366260775478
chr7,109000000,109500000,BB,-0.6527137911337118,-0.5985926080035799
chr7,109500000,110000000,BB,-0.5665689849607567,-0.5130778599770084
chr7,110000000,110500000,BB,-0.4899510214128881,-0.5729780892047682
chr7,110500000,111000000,BB,-0.4538984407530455,-0.4137849456999568
chr7,111000000,111500000,BB,-0.4211989573916945,-0.4455569277984306
chr7,111500000,112000000,BB,-0.2649639263757894,-0.4139981424404234
chr7,112000000,112500000,BB,-0.1123054189361676,-0.1574550973244817
chr7,112500000,113000000,BB,-0.0785857580446013,-0.1035324202343025
chr7,113000000,113500000,BB,-0.3849898264951409,-0.3907688487366756
chr7,113500000,114000000,BB,-0.5053939194763649,-0.5245273569948314
chr7,114000000,114500000,BB,-0.5860852821104171,-0.6227120724168075
chr7,114500000,115000000,BB,-0.510738121250638,-0.5901370652458612
chr7,115000000,115500000,BB,-0.5355319538330499,-0.5628250663652353
chr7,115500000,116000000,BB,-0.5546394826451824,-0.4998894506964446
chr7,116000000,116500000,BB,-0.3010823720318989,-0.2493359681184067
chr7,116500000,117000000,BB,-0.3273811693514097,-0.2239462511311799
chr7,117000000,117500000,BA,-0.0956164896008008,0.004242585926706
chr7,117500000,118000000,BB,-0.3326966042887745,-0.248916825894466
chr7,118000000,118500000,BB,-0.4645244284296531,-0.37807881297032
chr7,118500000,119000000,BB,-0.6581065367496322,-0.4571596161015746
chr7,119000000,119500000,BB,-0.6470709847411935,-0.541430726759971
chr7,119500000,120000000,BB,-0.5782217951829575,-0.530268602529723
chr7,120000000,120500000,BB,-0.3943674816825976,-0.2305716897050341
chr7,120500000,121000000,BB,-0.5321977456084733,-0.532205091430056
chr7,121000000,121500000,BB,-0.4960201754012385,-0.518400813053742
chr7,121500000,122000000,BB,-0.5277526162247256,-0.5738474729409698
chr7,122000000,122500000,BB,-0.6259558785848841,-0.4888042831748447
chr7,122500000,123000000,BB,-0.4659067160608556,-0.3942388239834253
chr7,123000000,123500000,BB,-0.4210603743455243,-0.4288793474788882
chr7,123500000,124000000,BB,-0.3492014650343124,-0.2908272127496146
chr7,124000000,124500000,BB,-0.5354876004630444,-0.4320217703123846
chr7,124500000,125000000,BB,-0.5643347647964266,-0.6322799262993982
chr7,125000000,125500000,BB,-0.6051395398940079,-0.6010632269565702
chr7,125500000,126000000,BB,-0.655589120317329,-0.7221767441324656
chr7,126000000,126500000,BB,-0.6584406695706037,-0.5234506190490423
chr7,126500000,127000000,BB,-0.283164227581903,-0.261214726962122
chr7,127000000,127500000,BB,-0.1611380314499138,-0.040537065751321
chr7,127500000,128000000,AA,0.160090407552072,0.2597355063219055
chr7,128000000,128500000,AA,0.1854913246489786,0.3798919046506963
chr7,128500000,129000000,AA,0.3450175989936325,0.3671557545996345
chr7,129000000,129500000,AA,0.3200620238532025,0.2373294930964473
chr7,129500000,130000000,AA,0.3889494714417801,0.3681664989159561
chr7,130000000,130500000,AA,0.3269080647138625,0.3795835597649749
chr7,130500000,131000000,AA,0.104109572266651,0.1742256318719436
chr7,131000000,131500000,BA,-0.0665506363283086,0.0150166062472004
chr7,131500000,132000000,AA,0.1794451225726441,0.1102431026394979
chr7,132000000,132500000,AA,0.2933096169293746,0.2174248293778701
chr7,132500000,133000000,AA,0.0170572598907257,0.0571778496213227
chr7,133000000,133500000,BB,-0.2739605654049159,-0.2669405635133174
chr7,133500000,134000000,BB,-0.1848103133453913,-0.3351569169943038
chr7,134000000,134500000,BB,-0.1552776810103271,-0.0762762286145161
chr7,134500000,135000000,BB,-0.1340371556664282,-0.0426465657346451
chr7,135000000,135500000,BA,-0.0574935528261325,0.0353033229239631
chr7,135500000,136000000,BB,-0.3392792391316839,-0.1425230760723105
chr7,136000000,136500000,BB,-0.561870190981905,-0.3039914739768681
chr7,136500000,137000000,BB,-0.7001215123967114,-0.3734823711965758
chr7,137000000,137500000,BB,-0.4939528865198895,-0.269084584602638
chr7,137500000,138000000,BA,-0.257541823669594,0.0328646429177454
chr7,138000000,138500000,BB,-0.0822502762905501,-0.0736745118683752
chr7,138500000,139000000,BA,-0.1055444715279095,0.1318901783192881
chr7,139000000,139500000,AA,0.2230054707063199,0.3892776091237139
chr7,139500000,140000000,AA,0.2664380901735263,0.3181099858206667
chr7,140000000,140500000,AA,0.434222986591514,0.5079807663821123
chr7,140500000,141000000,AA,0.446238796616519,0.4576712204784753
chr7,141000000,141500000,AA,0.2776770032044707,0.5295055497656017
chr7,141500000,142000000,AA,0.2278127667290178,0.4467254588329638
chr7,142000000,142500000,AA,0.3323727988158539,0.4922124189878176
chr7,142500000,143000000,AA,0.3498470903324479,0.4667292461584181
chr7,143000000,143500000,AA,0.3293754029710749,0.4355769522288895
chr7,144000000,144500000,BB,-0.4460323948747255,-0.1516450621764513
chr7,144500000,145000000,BB,-0.6767829987482777,-0.5283888820290068
chr7,145000000,145500000,BB,-0.7543306057458746,-0.6776031586699762
chr7,145500000,146000000,BB,-0.896929903993285,-0.7113277715437069
chr7,146000000,146500000,BB,-0.8932644300806813,-0.7986938724357607
chr7,146500000,147000000,BB,-0.9677475602979236,-0.7025707462250397
chr7,147000000,147500000,BB,-0.937613465508376,-0.7020077107682079
chr7,147500000,148000000,BB,-0.7181553480682684,-0.4543920601627951
chr7,148000000,148500000,BB,-0.2859424935288468,-0.0373378674992628
chr7,148500000,149000000,AA,0.022067337777541,0.245574816815751
chr7,149000000,149500000,AA,0.3602493942019208,0.5158977321169554
chr7,149500000,150000000,AA,0.5087552621689888,0.6686713013462312
chr7,150000000,150500000,AA,0.560059200888467,0.6166963495008921
chr7,150500000,151000000,AA,0.4924936405428254,0.6189435081376957
chr7,151000000,151500000,AA,0.6426318256502812,0.6896352754798164
chr7,151500000,152000000,AA,0.5052689690082368,0.5436475993204641
chr7,152000000,152500000,AA,0.4138752829185436,0.3399170339259008
chr7,152500000,153000000,AA,0.3622919824597367,0.3381802703957083
chr7,153000000,153500000,AA,0.2801246847512021,0.4001865165938011
chr7,153500000,154000000,AA,0.2420996450817768,0.4605619421371618
chr7,154000000,154500000,AA,0.2949941024392876,0.5986261422887207
chr7,154500000,155000000,AA,0.425272324367504,0.4901494837885179
chr7,155000000,155500000,AA,0.4557093181557959,0.5302541477388923
chr7,155500000,156000000,AA,0.3519327981512614,0.4550371318640577
chr7,156000000,156500000,AA,0.4823847870034241,0.5683687824203294
chr7,156500000,157000000,AA,0.3963284297795629,0.4558031112706884
chr7,157000000,157500000,AA,0.593359292617543,0.4824272716676753
chr7,157500000,158000000,AA,0.6984983817799086,0.6264186606306406
chr7,158000000,158500000,AA,0.5718631734181687,0.6041062518991698
chr7,158500000,159000000,AA,0.7403262702431448,0.6431566265562002
chr8,500000,1000000,AA,0.7150497761463788,0.5383834860249533
chr8,1000000,1500000,AA,0.5889468855862691,0.5242245594934509
chr8,1500000,2000000,AA,0.5623394290901238,0.5834362450368723
chr8,2500000,3000000,AA,0.1209237220993254,0.006446398935904
chr8,3000000,3500000,BA,-0.0572314717504481,0.0735260437650632
chr8,3500000,4000000,BB,-0.0322144521274673,-0.1316079299781652
chr8,4000000,4500000,BB,-0.0607200368566049,-0.281176551052242
chr8,4500000,5000000,BB,-0.1644968254996615,-0.272098645679961
chr8,5000000,5500000,BB,-0.1159898294985461,-0.2014587307674735
chr8,5500000,6000000,AB,0.1164807371227107,-0.0740424480062843
chr8,6000000,6500000,AA,0.1899151091469851,0.2262858260290108
chr8,6500000,7000000,AA,0.4399176432686048,0.4211376571039114
chr8,8500000,9000000,AA,0.4041879224918188,0.3743475095424748
chr8,9000000,9500000,AA,0.5383473677325723,0.5127315683570882
chr8,9500000,10000000,AA,0.5760801815097242,0.4835233209315963
chr8,10000000,10500000,AA,0.5700186556980901,0.3766046550290395
chr8,10500000,11000000,AA,0.6080496796471101,0.4660418525320574
chr8,11000000,11500000,AA,0.4131295187701583,0.3518923027411564
chr8,11500000,12000000,AA,0.6466243068522344,0.4463925138104445
chr8,12500000,13000000,AA,0.4751477542969564,0.3997114601465369
chr8,13000000,13500000,AA,0.1366467432451401,0.0169033688439671
chr8,13500000,14000000,BB,-0.131721013468529,-0.2341777779166005
chr8,14000000,14500000,BB,-0.3872113809120283,-0.4324132906539247
chr8,14500000,15000000,BB,-0.3508119516679741,-0.5590125236892344
chr8,15000000,15500000,BB,-0.3473150961683842,-0.5387668559151068
chr8,15500000,16000000,BB,-0.4013390518611021,-0.4814225803841397
chr8,16000000,16500000,BB,-0.4892112618136576,-0.3601300262625269
chr8,16500000,17000000,BB,-0.4838299724525259,-0.3047623075769859
chr8,17000000,17500000,BB,-0.383605114667435,-0.3425518479961477
chr8,17500000,18000000,BB,-0.1205153548340488,-0.1126203035777206
chr8,18000000,18500000,BA,-0.0953314650669774,0.0190933403434277
chr8,18500000,19000000,AA,0.1828390825694269,0.3247220281396185
chr8,19000000,19500000,AA,0.1447535159374577,0.3914193624494898
chr8,19500000,20000000,AA,0.1712979408977327,0.3030081083814428
chr8,20000000,20500000,AA,0.4543887493835953,0.3590132131954531
chr8,20500000,21000000,AA,0.4592668711322629,0.3961643837508096
chr8,21000000,21500000,AA,0.3918740870341545,0.3837239398578981
chr8,21500000,22000000,AA,0.4685100050977733,0.5100469031572747
chr8,22000000,22500000,AA,0.4539008317034904,0.5053368932488402
chr8,22500000,23000000,AA,0.5493363446313463,0.5753313864078945
chr8,23000000,23500000,AA,0.3603344058482687,0.3550109636626432
chr8,23500000,24000000,AA,0.163198878766883,0.1455384963658542
chr8,24000000,24500000,BB,-0.0192482798735037,-0.0529720283501034
chr8,24500000,25000000,BB,-0.0103397519516884,-0.1867098866276819
chr8,25000000,25500000,AA,0.0871356248513577,0.0284602638857125
chr8,25500000,26000000,AA,0.1019825961177384,0.041559983883771
chr8,26000000,26500000,AA,0.166458758687496,0.0997265861494427
chr8,26500000,27000000,AA,0.1794282701932746,0.2328836029362166
chr8,27000000,27500000,AA,0.2532663785746284,0.2472752748117689
chr8,27500000,28000000,AA,0.3202850612321847,0.3573517770932989
chr8,28000000,28500000,AA,0.1381152366187794,0.0401344759302855
chr8,28500000,29000000,AA,0.0427160231571967,0.1970853624746222
chr8,29000000,29500000,AA,0.09083250886764,0.1276572236771908
chr8,29500000,30000000,AA,0.1417185826324486,0.0009820974079424
chr8,30000000,30500000,AA,0.14001462986768,0.1412327028493256
chr8,30500000,31000000,AA,0.0240815542855651,0.0069370993481913
chr8,31000000,31500000,BB,-0.3346353425110893,-0.2885971715557164
chr8,31500000,32000000,BB,-0.4455828940071205,-0.389793336112044
chr8,32000000,32500000,BB,-0.564808320650978,-0.4429847875486681
chr8,32500000,33000000,BB,-0.584204979391029,-0.5652074947469045
chr8,33000000,33500000,BB,-0.4798944040221885,-0.3714657981444538
chr8,33500000,34000000,BB,-0.3739441906610467,-0.3996448026368327
chr8,34000000,34500000,BB,-0.5915019126002539,-0.5371944196954958
chr8,34500000,35000000,BB,-0.5826443996899626,-0.5614961351749195
chr8,35000000,35500000,BB,-0.6175968312775272,-0.5214434238438707
chr8,35500000,36000000,BB,-0.3552559227585355,-0.2645534917689662
chr8,36000000,36500000,BB,-0.4835497421304456,-0.3884848539273694
chr8,36500000,37000000,BB,-0.5453577481014867,-0.3280523260775115
chr8,37000000,37500000,BA,-0.1820392585973488,0.0478603859165799
chr8,37500000,38000000,AA,0.1887445179679913,0.2260386139960937
chr8,38000000,38500000,BA,-0.002619830909278,0.055672057383821
chr8,38500000,39000000,BA,-0.0129519743129139,0.0033962281475731
chr8,39000000,39500000,BB,-0.4264079956374537,-0.3245514560880095
chr8,39500000,40000000,BB,-0.2592736770732615,-0.3530097391487422
chr8,40000000,40500000,AB,0.0555518318866691,-0.2181020781605437
chr8,40500000,41000000,AA,0.0978831348662641,0.0034271833334003
chr8,41000000,41500000,AA,0.3559111052247534,0.1196907117375545
chr8,41500000,42000000,AA,0.4787715792187095,0.3659433182034688
chr8,42000000,42500000,AA,0.5755043648699993,0.5018351131989819
chr8,42500000,43000000,AA,0.520776255673097,0.3961515586496
chr8,43000000,43500000,AA,0.4698321269149413,0.5191883085264362
chr8,46500000,47000000,BB,-0.0298882520236815,-0.4449060093889492
chr8,47000000,47500000,BB,-0.0559629510831605,-0.2894333016242213
chr8,47500000,48000000,AB,0.2913823745206791,-0.1645657456608193
chr8,48000000,48500000,AB,0.056831336356371,-0.1205671759788122
chr8,48500000,49000000,BB,-0.1463586765275409,-0.0371971456804282
chr8,49000000,49500000,BA,-0.3185266156572934,0.2109762633551741
chr8,49500000,50000000,BA,-0.4118872028428934,0.2013508445358988
chr8,50000000,50500000,BA,-0.6242533582759878,0.4772049649074858
chr8,50500000,51000000,BA,-0.6511442867323637,0.4726284668184924
chr8,51000000,51500000,BA,-0.4688414891164506,0.1196083352467726
chr8,51500000,52000000,BA,-0.3378842047691803,0.0569860479868718
chr8,52000000,52500000,BA,-0.1225762217298667,0.2908753644293663
chr8,52500000,53000000,BA,-0.115000540039106,0.2794479460019754
chr8,53000000,53500000,AB,0.0964861838512923,-0.0598603356098655
chr8,53500000,54000000,AB,0.1938902933003237,-0.1847348344576272
chr8,54000000,54500000,AB,0.2259665310692685,-0.1613850257937799
chr8,54500000,55000000,BA,-0.098597437380354,0.0547088777911562
chr8,55000000,55500000,BA,-0.0976344756017954,0.1511747594404962
chr8,55500000,56000000,AA,0.1212478763260871,0.1598644665068749
chr8,56000000,56500000,AB,0.1958672293258856,-0.0422140120873351
chr8,56500000,57000000,AB,0.0680716378192385,-0.0255507107853071
chr8,57000000,57500000,AB,0.3246548151366239,-0.203365391485682
chr8,57500000,58000000,BB,-0.0604664336779583,-0.1723404072007422
chr8,58000000,58500000,BB,-0.1182696017959595,-0.3216909639737241
chr8,58500000,59000000,BB,-0.1163956444785716,-0.2272195777805165
chr8,59000000,59500000,BB,-0.2738033020736283,-0.1576380827432444
chr8,59500000,60000000,BB,-0.0503819600759943,-0.2956285635580399
chr8,60000000,60500000,AB,0.0760472855486897,-0.5190434108544368
chr8,60500000,61000000,AB,0.1847339402637484,-0.5415300735541189
chr8,61000000,61500000,AB,0.1899881265016531,-0.3466226721796429
chr8,61500000,62000000,BB,-0.1141197092093469,-0.3508342083546166
chr8,62000000,62500000,BB,-0.1355945783143111,-0.3623665620616626
chr8,62500000,63000000,BB,-0.1938918210572091,-0.3461273699619587
chr8,63000000,63500000,BB,-0.135388477113208,-0.4608031818884516
chr8,63500000,64000000,BB,-0.2767918676068716,-0.2155605157208402
chr8,64000000,64500000,BA,-0.49273220059271,0.0163136490217917
chr8,64500000,65000000,BB,-0.2752579250462891,-0.0809791185507882
chr8,65000000,65500000,BB,-0.1858702837151228,-0.2257330432349526
chr8,65500000,66000000,AB,0.1867872506806505,-0.4272916238811602
chr8,66000000,66500000,AB,0.0960264403538844,-0.3970570579775623
chr8,66500000,67000000,BB,-0.0343316861802022,-0.4353971171462763
chr8,67000000,67500000,AB,0.0741430265820079,-0.517463107346911
chr8,67500000,68000000,BB,-0.3030587664406974,-0.087322999705742
chr8,68000000,68500000,BB,-0.1663123746064738,-0.2116199324560131
chr8,68500000,69000000,BB,-0.1543250771838163,-0.3401470314025067
chr8,69000000,69500000,BB,-0.0873416535483172,-0.4978750125281794
chr8,69500000,70000000,AB,0.0971501176209421,-0.4868081582112697
chr8,70000000,70500000,BB,-0.1583876290712376,-0.2197787453002606
chr8,70500000,71000000,BB,-0.162565390986963,-0.3212977615694404
chr8,71000000,71500000,BB,-0.1377955950173212,-0.3569223770727758
chr8,71500000,72000000,BB,-0.0762387606124534,-0.1567270813917861
chr8,72000000,72500000,BB,-0.1354667671365002,-0.1662469838317241
chr8,72500000,73000000,BB,-0.0496538888005931,-0.2114039424479544
chr8,73000000,73500000,AB,0.2068004440297498,-0.3102673109302285
chr8,73500000,74000000,AB,0.1890694685123628,-0.2831688940980916
chr8,74000000,74500000,BB,-0.0839534239719257,-0.2693738376556025
chr8,74500000,75000000,BB,-0.2188047240328787,-0.1095559472601549
chr8,75000000,75500000,BB,-0.2074247602532379,-0.0591405040957811
chr8,75500000,76000000,BA,-0.3225867604218759,0.0350900113624659
chr8,76000000,76500000,BB,-0.386348285149332,-0.0562581253335493
chr8,76500000,77000000,BB,-0.3737072640829156,-0.077820638978343
chr8,77000000,77500000,BA,-0.5198221500547384,0.0556037016633595
chr8,77500000,78000000,BB,-0.5045441524046133,-0.0608820882393657
chr8,78000000,78500000,BB,-0.4366500024260194,-0.0395779777468578
chr8,78500000,79000000,BB,-0.2871489911264465,-0.2187426434083447
chr8,79000000,79500000,BB,-0.2778766621997562,-0.3127060132391657
chr8,79500000,80000000,BB,-0.0545196136504854,-0.4016192872320896
chr8,80000000,80500000,BB,-0.0941942886078713,-0.3619458215727553
chr8,80500000,81000000,AB,0.008313768624038,-0.4055360862531319
chr8,81000000,81500000,BB,-0.2000420360249848,-0.1037639998132922
chr8,81500000,82000000,BB,-0.2706259567612016,-0.1966337235067564
chr8,82000000,82500000,BA,-0.5489964415203599,0.0557323627483085
chr8,82500000,83000000,BA,-0.7407645541432238,0.025043660096145
chr8,83000000,83500000,BB,-0.7350781086609428,-0.062864051303474
chr8,83500000,84000000,BA,-0.7953946184345531,0.0086991190693663
chr8,84000000,84500000,BB,-0.8324364939041691,-0.070069039667826
chr8,84500000,85000000,BB,-0.7105643266565189,-0.3769414073467405
chr8,85000000,85500000,BB,-0.2544445145105579,-0.2805236522486503
chr8,86000000,86500000,BB,-0.3205264941665477,-0.3371007417850447
chr8,86500000,87000000,BB,-0.4593924442888324,-0.4954521649847086
chr8,87000000,87500000,BB,-0.4215001247854147,-0.558806566860229
chr8,87500000,88000000,BB,-0.3920719347732176,-0.5104500415507105
chr8,88000000,88500000,BB,-0.6161411882547794,-0.2510698552215284
chr8,88500000,89000000,BB,-0.6013741711508676,-0.1222270692179728
chr8,89000000,89500000,BB,-0.4998217804921417,-0.3169997323600909
chr8,89500000,90000000,BB,-0.2186952429426988,-0.2038577447397834
chr8,90000000,90500000,BB,-0.3263388289040425,-0.2803453679790197
chr8,90500000,91000000,BB,-0.2775119092120091,-0.3068072692258364
chr8,91000000,91500000,BB,-0.5003678567983013,-0.2572016182544861
chr8,91500000,92000000,BB,-0.4404121335961038,-0.2415753416586555
chr8,92000000,92500000,BB,-0.4447324116433763,-0.2363122287871394
chr8,92500000,93000000,BB,-0.6111754986924539,-0.3002228336026332
chr8,93000000,93500000,BB,-0.201051709462531,-0.4796171229827663
chr8,93500000,94000000,AB,0.1382466168652604,-0.5914503206752398
chr8,94000000,94500000,AB,0.0589986358243324,-0.3730283651598579
chr8,94500000,95000000,AB,0.0410747885918047,-0.3803478658383381
chr8,95000000,95500000,AB,0.1419315011550159,-0.4641032585517191
chr8,95500000,96000000,BB,-0.0163342804239343,-0.3694714092577236
chr8,96000000,96500000,AB,0.1360064795067733,-0.4110761863529749
chr8,96500000,97000000,AB,0.0167953570986197,-0.2414434261643071
chr8,97000000,97500000,AB,0.2815368184319909,-0.2715894840543948
chr8,97500000,98000000,AB,0.4646315274602235,-0.5401914084078755
chr8,98000000,98500000,AB,0.44017830319248,-0.3717694558215008
chr8,98500000,99000000,AB,0.0942694033666512,-0.3422442212965674
chr8,99000000,99500000,BB,-0.1430874560127765,-0.4001476668111485
chr8,99500000,100000000,AB,0.1651184339011774,-0.5578572560341132
chr8,100000000,100500000,AB,0.3060347029806414,-0.636486069297672
chr8,100500000,101000000,AB,0.3419447048700354,-0.6579212361496748
chr8,101000000,101500000,AB,0.3718950235251874,-0.6649065574702351
chr8,101500000,102000000,AB,0.1161402840042195,-0.6476856587171238
chr8,102000000,102500000,AB,0.1534542793255286,-0.5382538639119073
chr8,102500000,103000000,AB,0.3123266228140692,-0.8025776536059447
chr8,103000000,103500000,AB,0.0009475931304973,-0.5103550033684983
chr8,103500000,104000000,BB,-0.3556929894899506,-0.4740358117477757
chr8,104000000,104500000,BB,-0.2029077235681265,-0.3314632297321537
chr8,104500000,105000000,BB,-0.1956280270654169,-0.2567799642717031
chr8,105000000,105500000,BB,-0.3882918066928852,-0.1343260664580846
chr8,105500000,106000000,BB,-0.3669579560765704,-0.2018869809475718
chr8,106000000,106500000,BB,-0.3219707675645041,-0.3406470860943807
chr8,106500000,107000000,BB,-0.176247960256348,-0.2680237461913379
chr8,107000000,107500000,BB,-0.4009098077520254,-0.1508832260437839
chr8,107500000,108000000,BB,-0.3699707702929527,-0.0059066547018074
chr8,108000000,108500000,BB,-0.2309360461122778,-0.0585604408705013
chr8,108500000,109000000,BB,-0.3835879100968349,-0.1487155363333693
chr8,109000000,109500000,BB,-0.425707223186511,-0.1621318978089392
chr8,109500000,110000000,BB,-0.4642462432230301,-0.1285454610527658
chr8,110000000,110500000,BA,-0.5514913752438922,0.0750744349734301
chr8,110500000,111000000,BA,-0.4240707226062462,0.1533928463579593
chr8,111000000,111500000,BB,-0.4127657639096776,-0.0580545324806077
chr8,111500000,112000000,BA,-0.3926768942214045,0.0925479642954098
chr8,112000000,112500000,BA,-0.4880361995200337,0.185629332737699
chr8,112500000,113000000,BA,-0.4711549911196864,0.334688314051851
chr8,113000000,113500000,BA,-0.5992134178481073,0.2479912424260266
chr8,113500000,114000000,BA,-0.6018114993499977,0.2298927081437791
chr8,114000000,114500000,BA,-0.4604647206876008,0.0857881073260006
chr8,114500000,115000000,BA,-0.3337738234897439,0.1659654597184325
chr8,115000000,115500000,BA,-0.2552907114003052,0.3021670483020959
chr8,115500000,116000000,BA,-0.3327613318079953,0.1630335517470168
chr8,116000000,116500000,BA,-0.1338550800780797,0.0880402284831355
chr8,116500000,117000000,AA,0.0967878346392934,0.1873228195686914
chr8,117000000,117500000,AA,0.0566802926283237,0.3118241233536607
chr8,117500000,118000000,AA,0.0347380999442326,0.2426958824174149
chr8,118000000,118500000,BA,-0.2737019944050546,0.1911982569594936
chr8,118500000,119000000,BA,-0.2152259164359685,0.1950091712729883
chr8,119000000,119500000,BA,-0.3894830878685938,0.37203470732203
chr8,119500000,120000000,BA,-0.2041107210656586,0.6072416052148403
chr8,120000000,120500000,BA,-0.330375940735838,0.4938701707503515
chr8,120500000,121000000,BA,-0.1897009377249668,0.594916135385573
chr8,121000000,121500000,BA,-0.1574367548890582,0.6530056068403036
chr8,121500000,122000000,BA,-0.1013069138124631,0.7331411526388466
chr8,122000000,122500000,BA,-0.1658196578937627,0.7822903016375965
chr8,122500000,123000000,AA,0.2132094625078846,0.692565691792521
chr8,123000000,123500000,AA,0.4198067546430276,0.6890703119803341
chr8,123500000,124000000,AA,0.3093055825169084,0.5244084208909466
chr8,124000000,124500000,AA,0.2236405967484809,0.3748281566508
chr8,124500000,125000000,AA,0.2834445919246086,0.2323029757311892
chr8,125000000,125500000,AA,0.1492558054932642,0.4088926607676484
chr8,125500000,126000000,AA,0.0277169781972637,0.3624621743562383
chr8,126000000,126500000,BA,-0.0930268090270858,0.4408865349344956
chr8,126500000,127000000,BA,-0.1307816916341443,0.4271230347373426
chr8,127000000,127500000,BA,-0.0786133419617854,0.564583420719709
chr8,127500000,128000000,AA,0.1198571877424803,0.5578237643577831
chr8,128000000,128500000,BA,-0.0477548910726438,0.5804788536859288
chr8,128500000,129000000,BA,-0.2290522154534732,0.5720966120705068
chr8,129000000,129500000,BA,-0.1670442571966926,0.4572199325264987
chr8,129500000,130000000,BA,-0.0101704820345207,0.1856072553013579
chr8,130000000,130500000,AA,0.1491149248354785,0.2661028844369166
chr8,130500000,131000000,AA,0.016861374359778,0.4267198832913947
chr8,131000000,131500000,BA,-0.1941214321074688,0.4099067828405133
chr8,131500000,132000000,BA,-0.0536505894951538,0.3973859936071827
chr8,132000000,132500000,AA,0.0336149746079961,0.4050576123980896
chr8,132500000,133000000,AA,0.2259188446111813,0.2652044123376937
chr8,133000000,133500000,AA,0.2993707108480621,0.2506789145204947
chr8,133500000,134000000,AA,0.3970738407377914,0.3623040616111666
chr8,134000000,134500000,BA,-0.0493568880402608,0.5262150392930144
chr8,134500000,135000000,AA,0.0676024899118972,0.1882880964091456
chr8,135000000,135500000,BA,-0.0146466701152961,0.4064636757150736
chr8,135500000,136000000,AA,0.0050886377894893,0.4531519583000678
chr8,136000000,136500000,BA,-0.2798246616328013,0.5900042490996573
chr8,136500000,137000000,BA,-0.494495624583902,0.6482016368877901
chr8,137000000,137500000,BA,-0.4070774261923049,0.8540721390724754
chr8,137500000,138000000,AA,0.0145655252312737,0.7775980415477065
chr8,138000000,138500000,AA,0.2508970941748945,0.5730104267932439
chr8,138500000,139000000,AA,0.4404236024172467,0.5771726122721628
chr8,139000000,139500000,AA,0.3878047982648276,0.4039128562941019
chr8,139500000,140000000,AA,0.5234093573788036,0.2448763659673755
chr8,140000000,140500000,AA,0.5647407600298496,0.4517929098938656
chr8,140500000,141000000,AA,0.613595577770372,0.4547847390630597
chr8,141000000,141500000,AA,0.7367329755863075,0.3313631433642829
chr8,141500000,142000000,AA,0.8819543744694643,0.3014470475873326
chr8,144500000,145000000,AA,0.7971173647957143,0.2663495655138037
chr9,0,500000,BB,-0.3246454415036379,-0.1198176934677454
chr9,500000,1000000,BB,-0.117208035390077,-0.1277533334015438
chr9,1000000,1500000,BB,-0.5111408339781232,-0.3843540442347604
chr9,1500000,2000000,BB,-0.6262306498904444,-0.4851353825991328
chr9,2000000,2500000,BB,-0.4355484658570395,-0.2181319029595316
chr9,2500000,3000000,BB,-0.3379114787599179,-0.0297163510866978
chr9,3000000,3500000,AA,0.0777094557877142,0.0332418570726127
chr9,3500000,4000000,AA,0.1363728311000201,0.2056259961533315
chr9,4000000,4500000,AA,0.1209155178628086,0.1007637542023555
chr9,4500000,5000000,AA,0.4075110068226952,0.2083747402965798
chr9,5000000,5500000,AA,0.2587616423630406,0.1465416729766844
chr9,5500000,6000000,AA,0.1554555784352587,0.2198569585090805
chr9,6000000,6500000,AA,0.1298207072156782,0.0836454939741993
chr9,6500000,7000000,AB,0.1072309869167839,-0.1393805295215295
chr9,7000000,7500000,AB,0.0250419593735709,-0.187730203777629
chr9,7500000,8000000,BB,-0.3078639321115884,-0.3953060216115536
chr9,8000000,8500000,BB,-0.3181452903172315,-0.4713488374120206
chr9,8500000,9000000,BB,-0.4016285613932559,-0.4827601142074771
chr9,9000000,9500000,BB,-0.3344813734061673,-0.4335071005956009
chr9,9500000,10000000,BB,-0.3186373947680757,-0.4973340682196162
chr9,10000000,10500000,BB,-0.3533033042121853,-0.4892807280360043
chr9,10500000,11000000,BB,-0.3701064192513489,-0.400895234291456
chr9,11000000,11500000,BB,-0.1192759836954793,-0.3401584069868751
chr9,11500000,12000000,BB,-0.4212949606207034,-0.3406377927160595
chr9,12000000,12500000,BB,-0.2973737699963694,-0.3474948017783822
chr9,12500000,13000000,BB,-0.2464591560872312,-0.4960421898579475
chr9,13000000,13500000,BB,-0.4456768330548586,-0.3411709891993619
chr9,13500000,14000000,BB,-0.4310774502878137,-0.2997464950960103
chr9,14000000,14500000,BB,-0.334947838724667,-0.293780685613983
chr9,14500000,15000000,BB,-0.0641654705898963,-0.0963840805246254
chr9,15000000,15500000,AB,0.0303118239914759,-0.0434708169808479
chr9,15500000,16000000,BB,-0.3332911051821128,-0.1516495837685432
chr9,16000000,16500000,BA,-0.0158018881993851,0.1773463193193333
chr9,16500000,17000000,BB,-0.2929804588324974,-0.1277741567570668
chr9,17000000,17500000,BB,-0.4445392712634612,-0.4436515410973922
chr9,17500000,18000000,BB,-0.2492756956983483,-0.2538196722325787
chr9,18000000,18500000,BB,-0.4712564740109268,-0.3730929758915685
chr9,18500000,19000000,AA,0.1280488171939737,0.2629945718883221
chr9,19000000,19500000,AA,0.370286692914391,0.3475251257098126
chr9,19500000,20000000,BB,-0.2105741296514023,-0.1020942497539326
chr9,20000000,20500000,BB,-0.4510583678381923,-0.3907540628709946
chr9,20500000,21000000,BB,-0.4096686885430325,-0.2351894516862861
chr9,21000000,21500000,BB,-0.4488923851309103,-0.3726898056713715
chr9,21500000,22000000,BB,-0.1926864961897147,-0.2646770146254132
chr9,22000000,22500000,BB,-0.2787770817276582,-0.2590894502990711
chr9,22500000,23000000,BB,-0.493148838072958,-0.4181446760123588
chr9,23000000,23500000,BB,-0.2275971575535306,-0.245584813474891
chr9,23500000,24000000,BA,-0.0521211853520008,0.0646544444538713
chr9,24000000,24500000,BB,-0.3393697176928756,-0.23465100112743
chr9,24500000,25000000,BB,-0.3057923457287915,-0.561838237322163
chr9,25000000,25500000,BB,-0.4686471124667414,-0.5745844303207328
chr9,25500000,26000000,BB,-0.4039398999691395,-0.3150274619736699
chr9,26000000,26500000,BB,-0.4107642106636153,-0.3134888218736402
chr9,26500000,27000000,BB,-0.2068146464904441,-0.1715019323070036
chr9,27000000,27500000,AA,0.1021629616233053,0.1565621965442955
chr9,27500000,28000000,BB,-0.2098808243162345,-0.135825445135544
chr9,28000000,28500000,BB,-0.260557571832638,-0.1903273768312177
chr9,28500000,29000000,BB,-0.4806867343722198,-0.37278779674791
chr9,29000000,29500000,BB,-0.5489218630173648,-0.4126360943040653
chr9,29500000,30000000,BB,-0.5030231293619312,-0.43152654129403
chr9,30000000,30500000,BB,-0.6047997753091544,-0.5973773637254259
chr9,30500000,31000000,BB,-0.6869882364033991,-0.563735330243881
chr9,31000000,31500000,BB,-0.5161039437792928,-0.7100830416494446
chr9,31500000,32000000,BB,-0.4483860076710177,-0.6839335410586336
chr9,32000000,32500000,BB,-0.2306585304405013,-0.2479653542874542
chr9,32500000,33000000,AA,0.1522229291585896,0.2143161481049503
chr9,33000000,33500000,AA,0.3019456620406056,0.3713340084617398
chr9,33500000,34000000,AA,0.3600951641788343,0.4305731824820638
chr9,34000000,34500000,AA,0.5036221883792213,0.4179677796769898
chr9,34500000,35000000,AA,0.5638162720480767,0.4951565202594428
chr9,35000000,35500000,AA,0.5357034281069325,0.506146470050429
chr9,35500000,36000000,AA,0.4728059637689189,0.4243561194166427
chr9,36000000,36500000,AA,0.3714291303928401,0.2722227995450734
chr9,36500000,37000000,AA,0.3651505713321946,0.3979839484449089
chr9,37000000,37500000,AA,0.2041458286552222,0.2922018536908261
chr9,37500000,38000000,AA,0.2905331918760804,0.4801729859147106
chr9,38000000,38500000,AA,0.4625535501956379,0.491195802668758
chr9,68500000,69000000,AA,0.4198670354512469,0.2199376046434356
chr9,69000000,69500000,AA,0.3665751844102289,0.2622337140125761
chr9,69500000,70000000,AB,0.0854412770727606,-0.214714489968401
chr9,70000000,70500000,AB,0.2736648066884328,-0.1221317659115152
chr9,70500000,71000000,BB,-0.0590190822674017,-0.2451783846274817
chr9,71000000,71500000,BB,-0.3009872880985569,-0.4064968576517956
chr9,71500000,72000000,BB,-0.1476190367699532,-0.3015998346993729
chr9,72000000,72500000,BB,-0.0909381865821078,-0.2158697468564553
chr9,72500000,73000000,BB,-0.1059260428634934,-0.5446139574450192
chr9,73000000,73500000,BB,-0.3631172128562045,-0.6090028064572018
chr9,73500000,74000000,BB,-0.3948403824789729,-0.7407237297541694
chr9,74000000,74500000,BB,-0.3271941912546046,-0.4858783954645265
chr9,74500000,75000000,BB,-0.0036890816119372,-0.4077123606098902
chr9,75000000,75500000,BB,-0.1623075971632824,-0.4596638373319505
chr9,75500000,76000000,BB,-0.2998561678696433,-0.5980451591583155
chr9,76000000,76500000,BB,-0.1206477640681859,-0.2324766049187729
chr9,76500000,77000000,AB,0.0258887628576124,-0.1289355890684273
chr9,77000000,77500000,BB,-0.0207664367082451,-0.039175757557485
chr9,77500000,78000000,BB,-0.1915866002835725,-0.4718635305650038
chr9,78000000,78500000,BB,-0.2278611139780326,-0.7040314770244629
chr9,78500000,79000000,BB,-0.4370352079045565,-0.8119682143504893
chr9,79000000,79500000,BB,-0.1811706756350575,-0.5689622098580647
chr9,79500000,80000000,BB,-0.057753989722847,-0.1584364301639212
chr9,80000000,80500000,BB,-0.4375080856330375,-0.6001036874967312
chr9,80500000,81000000,BB,-0.4846335830116323,-0.7401841141231998
chr9,81000000,81500000,BB,-0.5911227760308341,-0.651271462629212
chr9,81500000,82000000,BB,-0.1583742713001523,-0.1979247738936328
chr9,82000000,82500000,BB,-0.2781929139314134,-0.3837729667768488
chr9,82500000,83000000,BB,-0.5453398395167106,-0.442408978388336
chr9,83000000,83500000,BB,-0.1343886618669606,-0.1645797377367108
chr9,83500000,84000000,BB,-0.1071536278321697,-0.1176641719831949
chr9,84000000,84500000,BB,-0.1821121896695378,-0.1165727845146629
chr9,84500000,85000000,BB,-0.1817552323321121,-0.0878432306698848
chr9,85000000,85500000,BA,-0.0424863722750801,0.0718356553438135
chr9,85500000,86000000,AA,0.0735429082179127,0.1199566719805135
chr9,86000000,86500000,AA,0.3755514345685448,0.312448794307851
chr9,86500000,87000000,AA,0.1296046898196853,0.0568854881045278
chr9,87000000,87500000,AA,0.0208676147470225,0.2710120950083565
chr9,87500000,88000000,AA,0.542997683244935,0.566417007474266
chr9,88000000,88500000,AA,0.4689585696440542,0.2556551763975925
chr9,88500000,89000000,AA,0.3308141625506154,0.2862029486688197
chr9,89000000,89500000,AA,0.3497829297563828,0.3990985994346273
chr9,89500000,90000000,AA,0.5115012712264206,0.5332513868132166
chr9,90000000,90500000,AA,0.2438260526655146,0.2370576324118636
chr9,90500000,91000000,AA,0.3552257241324322,0.3330021199150207
chr9,91000000,91500000,AA,0.2307583735337409,0.3036224461381181
chr9,91500000,92000000,AA,0.2595052397194412,0.4266591365102519
chr9,92000000,92500000,AA,0.3631736020882574,0.5302962906356103
chr9,92500000,93000000,AA,0.6036509394440553,0.6005599030200527
chr9,93000000,93500000,AA,0.6803078844089789,0.7568258800433768
chr9,93500000,94000000,AA,0.6778148161342878,0.5773083185817396
chr9,94000000,94500000,AA,0.4272556081050095,0.4870702166792856
chr9,94500000,95000000,AA,0.5263526493881111,0.4556561329720611
chr9,95000000,95500000,AA,0.4846340622506524,0.4260367322201391
chr9,95500000,96000000,AA,0.4312741278904755,0.5165349031735013
chr9,96000000,96500000,AA,0.4724895161889805,0.4896069446776898
chr9,96500000,97000000,AA,0.5756846748281399,0.2900395428508608
chr9,97000000,97500000,AA,0.5331265174851951,0.3821589447472224
chr9,97500000,98000000,AA,0.3788651894682952,0.3869620883356066
chr9,98000000,98500000,AA,0.55106394780238,0.530221574037591
chr9,98500000,99000000,AA,0.3763590680859183,0.2474783984285485
chr9,99000000,99500000,AA,0.117955904459452,0.1482062956154096
chr9,99500000,100000000,BB,-0.2158821225957912,-0.1442398223770151
chr9,100000000,100500000,BB,-0.2841112703488962,-0.1655536999731622
chr9,100500000,101000000,BB,-0.2918020788195202,-0.1238973686579257
chr9,101000000,101500000,BB,-0.5748979266848626,-0.4131959265772274
chr9,101500000,102000000,BB,-0.7070541281756195,-0.6301991185512605
chr9,102000000,102500000,BB,-0.7400541861576484,-0.8273605644508614
chr9,102500000,103000000,BB,-0.7844482314092553,-0.7078458816817488
chr9,103000000,103500000,BB,-0.5308594406190772,-0.5211743909726534
chr9,103500000,104000000,BB,-0.7250938261167608,-0.6596182425837747
chr9,104000000,104500000,BB,-0.6183680309529213,-0.546412361674982
chr9,104500000,105000000,BB,-0.577809598233541,-0.4871277140238453
chr9,105000000,105500000,BB,-0.3812258311212571,-0.3353755231994907
chr9,105500000,106000000,BB,-0.3119286473941827,-0.1028172104348302
chr9,106000000,106500000,BB,-0.5284042644801579,-0.3833473730553938
chr9,106500000,107000000,BB,-0.2898886463664264,-0.1569575202833433
chr9,107000000,107500000,BA,-0.0179872311119022,0.2568557167024154
chr9,107500000,108000000,AA,0.1093337397652632,0.3285684994777227
chr9,108000000,108500000,BA,-0.2917059874169315,0.0571559704074186
chr9,108500000,109000000,BA,-0.11495005016329,0.1017294924816843
chr9,109000000,109500000,AA,0.0160846023163149,0.3208209264851417
chr9,109500000,110000000,BB,-0.1879849159428075,-0.1096156350014036
chr9,110000000,110500000,BB,-0.2711100480778321,-0.2253581663151468
chr9,110500000,111000000,BB,-0.4739033108657446,-0.2390308969023926
chr9,111000000,111500000,BB,-0.2007352054129512,-0.131483648949234
chr9,111500000,112000000,BB,-0.1906870135686312,-0.0030163329456645
chr9,112000000,112500000,AA,0.0928567104215965,0.1124098682357921
chr9,112500000,113000000,AA,0.0287692250728073,0.2959460153594515
chr9,113000000,113500000,AA,0.2657163067000402,0.2289684772749478
chr9,113500000,114000000,AA,0.4338166506585094,0.5497859479564787
chr9,114000000,114500000,AA,0.6161963178394873,0.7014725535977869
chr9,114500000,115000000,AA,0.2969454632399521,0.4710144409435045
chr9,115000000,115500000,AA,0.0012600388169362,0.2471294039655823
chr9,115500000,116000000,BA,-0.1174931514494156,0.0617599173943594
chr9,116000000,116500000,BA,-0.030569367996042,0.1127089555607947
chr9,116500000,117000000,BA,-0.0439282235835202,0.1093042905855603
chr9,117000000,117500000,BA,-0.192068434489791,0.0877410541057564
chr9,117500000,118000000,BB,-0.2164725724442293,-0.117805593186254
chr9,118000000,118500000,BB,-0.303828624433789,-0.1177996239736564
chr9,118500000,119000000,BB,-0.3077221181366014,-0.1374514245807663
chr9,119000000,119500000,BB,-0.2671579486347283,-0.1548899407181121
chr9,119500000,120000000,BA,-0.0882656639625459,0.0431449884910153
chr9,120000000,120500000,AA,0.1397101055050505,0.1182155197882484
chr9,120500000,121000000,AA,0.1146895324398937,0.1518626312385763
chr9,121000000,121500000,AA,0.2415101972323319,0.19184555373596
chr9,121500000,122000000,AA,0.4675177198537278,0.3814286342203648
chr9,122000000,122500000,AA,0.4029566451146087,0.4217084319495905
chr9,122500000,123000000,AA,0.0732001038945994,0.0311347792344989
chr9,123000000,123500000,AA,0.3724184359981525,0.3465740366963178
chr9,123500000,124000000,AA,0.3356476111391334,0.1504157510466467
chr9,124000000,124500000,AA,0.4591661308677802,0.5279645888603032
chr9,124500000,125000000,AA,0.4476341664585154,0.3079705332964679
chr9,125000000,125500000,AA,0.3080891612538521,0.219858061983043
chr9,125500000,126000000,AA,0.2346044087551596,0.1515113495389394
chr9,126000000,126500000,AA,0.3795957636496004,0.2378400557931534
chr9,126500000,127000000,AA,0.3976685814056599,0.5046823190001046
chr9,127000000,127500000,AA,0.3661246102781059,0.7345525457613945
chr9,127500000,128000000,AA,0.5934210840481468,0.6284594676812278
chr9,128000000,128500000,AA,0.4912931809966417,0.5422338403387745
chr9,128500000,129000000,AA,0.5747493200054904,0.5087411028336974
chr9,129000000,129500000,AA,0.5935438088047146,0.5706221984020667
chr9,129500000,130000000,AA,0.5540394128268744,0.5187035060113842
chr9,130000000,130500000,AA,0.5664537925004746,0.517725205626855
chr9,130500000,131000000,AA,0.6198816625643343,0.3902070477896015
chr9,131000000,131500000,AA,0.6732937687970407,0.5182819940601819
chr9,131500000,132000000,AA,0.7677994982798527,0.4250122642831047
chr9,132000000,132500000,AA,0.7096819254847597,0.3084667931023515
chr9,132500000,133000000,AA,0.6836019407355587,0.1483910336252114
chr10,0,500000,AA,0.2158758773103838,0.0454661016265805
chr10,500000,1000000,AA,0.3187310147679391,0.4740198676383634
chr10,1000000,1500000,AA,0.3402318939814823,0.356111046351433
chr10,1500000,2000000,AA,0.3425147699194313,0.1990800348537827
chr10,2000000,2500000,AA,0.1926617768099402,0.2802033029317418
chr10,2500000,3000000,AA,0.1291789711146604,0.1083875891188051
chr10,3000000,3500000,AA,0.3299893976402217,0.318183935267669
chr10,3500000,4000000,AB,0.3116641549117909,-0.0472896524328888
chr10,4000000,4500000,AB,0.0908679166069212,-0.2653077644540302
chr10,4500000,5000000,AB,0.0710748350811903,-0.0102607424845219
chr10,5000000,5500000,AA,0.2439204006614112,0.015600076508114
chr10,5500000,6000000,AA,0.2779169275561123,0.000144949940058
chr10,6000000,6500000,AA,0.2428325141565887,0.0394868750863545
chr10,6500000,7000000,BB,-0.1404165022897043,-0.2326343216066254
chr10,7000000,7500000,BB,-0.0520226621181063,-0.2388682517525065
chr10,7500000,8000000,BB,-0.2496462486338908,-0.2437536668607667
chr10,8000000,8500000,BB,-0.2857810308381185,-0.4062584267268274
chr10,8500000,9000000,BB,-0.4397509079632877,-0.5587101832083947
chr10,9000000,9500000,BB,-0.653158692030024,-0.5780771056575751
chr10,9500000,10000000,BB,-0.7155356605609695,-0.6249231827964432
chr10,10000000,10500000,BB,-0.7105210479508178,-0.6002406521895077
chr10,10500000,11000000,BB,-0.1698851586637856,-0.3249768733115841
chr10,11000000,11500000,AB,0.0442047208551855,-0.2105245606067805
chr10,11500000,12000000,BB,-0.028843159717432,-0.3178758648206343
chr10,12000000,12500000,AB,0.0019221275846296,-0.0148365041221405
chr10,12500000,13000000,AA,0.1027859879516521,0.1338984008533583
chr10,13000000,13500000,AA,0.200153101913214,0.0786326439113793
chr10,13500000,14000000,AA,0.3083987730031007,0.0436839942882423
chr10,14000000,14500000,AB,0.0902841849674795,-0.0273281693173799
chr10,14500000,15000000,AA,0.3821463981229143,0.3260228437830084
chr10,15000000,15500000,AA,0.3326315357489108,0.1609765551610884
chr10,15500000,16000000,BB,-0.3443361593478525,-0.406474152831155
chr10,16000000,16500000,BB,-0.5210914125898146,-0.3201225719171362
chr10,16500000,17000000,BB,-0.2589659902693538,-0.3142420277448643
chr10,17000000,17500000,BB,-0.4418510626226899,-0.4350537917521199
chr10,17500000,18000000,BB,-0.4372185623043232,-0.5786861213021751
chr10,18000000,18500000,BB,-0.4774919367681501,-0.5555248869352424
chr10,18500000,19000000,BB,-0.5800402746361434,-0.5921000483275644
chr10,19000000,19500000,BB,-0.6454080901046643,-0.6125278320078018
chr10,19500000,20000000,BB,-0.6818373925412665,-0.5298067469694295
chr10,20000000,20500000,BB,-0.6065917899747799,-0.6256987745930991
chr10,20500000,21000000,BB,-0.4079590673461205,-0.3166076644920698
chr10,21000000,21500000,BB,-0.2482753534515308,-0.1566499650867015
chr10,21500000,22000000,BB,-0.427861904707747,-0.288755646184926
chr10,22000000,22500000,BB,-0.1917072853518432,-0.0199117762304197
chr10,22500000,23000000,BA,-0.0388185952361789,0.0070341848303994
chr10,23000000,23500000,BB,-0.1018045029471231,-0.1054555441744574
chr10,23500000,24000000,BB,-0.369561945386984,-0.276242241233634
chr10,24000000,24500000,BB,-0.2407494516166755,-0.2846640861577678
chr10,24500000,25000000,BB,-0.214233175775738,-0.2121874228471604
chr10,25000000,25500000,BB,-0.1709907754015397,-0.2756276223999289
chr10,25500000,26000000,BB,-0.348764703934998,-0.254276655595767
chr10,26000000,26500000,BB,-0.1139016748924447,-0.1282905115846628
chr10,26500000,27000000,AA,0.3738244624672587,0.081854556118056
chr10,27000000,27500000,AA,0.3133222121081339,0.221795657990706
chr10,27500000,28000000,AA,0.3399561624802409,0.1624461273042381
chr10,28000000,28500000,AA,0.2744708610315156,0.413572847053731
chr10,28500000,29000000,AA,0.4173921451607071,0.3907932199308666
chr10,29000000,29500000,AA,0.3245843635738007,0.3176204956075026
chr10,29500000,30000000,AA,0.1782423582608034,0.174544026059585
chr10,30000000,30500000,AA,0.358712979917325,0.4116311438749022
chr10,30500000,31000000,AA,0.3115120304735644,0.3785463808858607
chr10,31000000,31500000,AA,0.2653134622536661,0.4929996384348379
chr10,31500000,32000000,AA,0.0983512093148305,0.3704717436362845
chr10,32000000,32500000,AA,0.0810585008645329,0.4157314508278316
chr10,32500000,33000000,AA,0.1649556617941291,0.3171664667843789
chr10,33000000,33500000,AA,0.0395563394839756,0.3229201614793063
chr10,33500000,34000000,AA,0.1432809772722587,0.3176315709745297
chr10,34000000,34500000,BA,-0.0521931832084473,0.3763510537331773
chr10,34500000,35000000,AA,0.2289218981057922,0.4663731453335226
chr10,35000000,35500000,AA,0.5718879861965706,0.4022478502582065
chr10,35500000,36000000,AA,0.2550408313525983,0.4211880758400823
chr10,36000000,36500000,AA,0.0513299433161648,0.2607864010629769
chr10,36500000,37000000,AA,0.206571557445411,0.2670879992963109
chr10,37000000,37500000,AA,0.4089269505505852,0.4575433324740354
chr10,37500000,38000000,AA,0.4248857288659259,0.6050388824258055
chr10,38000000,38500000,AA,0.6045591787456069,0.6404558398385709
chr10,42500000,43000000,AA,0.5091204202098707,0.687163056267711
chr10,43000000,43500000,AA,0.5577463563268492,0.8281004828803584
chr10,43500000,44000000,AA,0.4639857019135754,0.6654055976806947
chr10,44000000,44500000,AA,0.4715960607677213,0.6113950798511272
chr10,44500000,45000000,AA,0.4937040388771828,0.593749486271039
chr10,45000000,45500000,AA,0.5131452529212178,0.6842483776536447
chr10,47000000,47500000,AA,0.5477141567442207,0.4898273520457798
chr10,48500000,49000000,AA,0.5370211130878164,0.4211062317831788
chr10,49000000,49500000,AA,0.2147893167479538,0.2269891807367951
chr10,49500000,50000000,BA,-0.0642747022278542,0.0102176719875861
chr10,50000000,50500000,BB,-0.2030149163360573,-0.2426467875862422
chr10,50500000,51000000,BB,-0.6206287814141335,-0.4458957156793589
chr10,51000000,51500000,BB,-0.6900398829117625,-0.4506256039941744
chr10,51500000,52000000,BB,-0.7270356138717234,-0.5134944807619943
chr10,52000000,52500000,BB,-0.4343921558024901,-0.4178542837803262
chr10,52500000,53000000,BB,-0.4064427858035312,-0.5018467179039169
chr10,53000000,53500000,BB,-0.4429868404666642,-0.6032304130681811
chr10,53500000,54000000,BB,-0.4392856790718335,-0.5449364997395246
chr10,54000000,54500000,BB,-0.4871738292732114,-0.6855066979868354
chr10,54500000,55000000,BB,-0.6784168736570756,-0.6023514572360907
chr10,55000000,55500000,BB,-0.6328755150160872,-0.6163301666042132
chr10,55500000,56000000,BB,-0.6193705314036165,-0.6533851637028906
chr10,56000000,56500000,BB,-0.5234942084418761,-0.5489761984955064
chr10,56500000,57000000,BB,-0.6052785875005138,-0.6621855700786222
chr10,57000000,57500000,BB,-0.5221112618247814,-0.59317764794176
chr10,57500000,58000000,BB,-0.5386099124330438,-0.6059225470301872
chr10,58000000,58500000,BB,-0.220163060913041,-0.2177317912659037
chr10,58500000,59000000,BB,-0.0697989978981848,-0.2333745025347822
chr10,59000000,59500000,BB,-0.3452901343602766,-0.465926298551391
chr10,59500000,60000000,BB,-0.2911995082184018,-0.3143725269187143
chr10,60000000,60500000,BB,-0.4361753510447187,-0.5767036033114853
chr10,60500000,61000000,BB,-0.273674232946372,-0.5518603494668548
chr10,61000000,61500000,BB,-0.4746476676509705,-0.6113711769846769
chr10,61500000,62000000,BB,-0.4693339742023237,-0.5558092299323987
chr10,62000000,62500000,BB,-0.3429070267248775,-0.5880924731211683
chr10,62500000,63000000,BB,-0.16712924266903,-0.3767584628973948
chr10,63000000,63500000,BB,-0.208360914708997,-0.2946197138389628
chr10,63500000,64000000,BB,-0.4573318118908928,-0.4489729932343848
chr10,64000000,64500000,BB,-0.7370936860849884,-0.781368043860156
chr10,64500000,65000000,BB,-0.872275665708853,-0.8645551061777644
chr10,65000000,65500000,BB,-0.9048230649326324,-0.8494456186268792
chr10,65500000,66000000,BB,-0.8200061444254454,-0.8719595367931111
chr10,66000000,66500000,BB,-0.6495331628180833,-0.7989213296650295
chr10,66500000,67000000,BB,-0.7087134238314976,-0.7870071758394853
chr10,67000000,67500000,BB,-0.8494228812252431,-0.7853015600058333
chr10,67500000,68000000,BB,-0.4060334813251974,-0.4478588560404413
chr10,68000000,68500000,AB,0.038977091351507,-0.1381158851671576
chr10,68500000,69000000,AB,0.0598630022446388,-0.0717766356047436
chr10,69000000,69500000,AA,0.4231729942273087,0.2343739615799824
chr10,69500000,70000000,AA,0.4915751226178759,0.4861549039188384
chr10,70000000,70500000,AA,0.4937512855635736,0.4233780127878606
chr10,70500000,71000000,AA,0.6677989086885227,0.4612569022939661
chr10,71000000,71500000,AA,0.5596189497939772,0.5479533880509023
chr10,71500000,72000000,AA,0.5357380945442324,0.4529188661864458
chr10,72000000,72500000,AA,0.2604457696302932,0.20354096624157
chr10,72500000,73000000,AB,0.0218062806011982,-0.0258790560429807
chr10,73000000,73500000,AA,0.2189700914964359,0.170803872224804
chr10,73500000,74000000,AA,0.5407538129461152,0.3128007933813129
chr10,74000000,74500000,AA,0.1487641966383391,0.0344228554944353
chr10,74500000,75000000,AA,0.0809667126287866,0.0059761521494222
chr10,75000000,75500000,AA,0.1773995544825849,0.0548290527516853
chr10,75500000,76000000,AB,0.091075050214094,-0.0335243794344504
chr10,76000000,76500000,AA,0.071621273558736,0.0547106408805049
chr10,76500000,77000000,AB,0.1190231060678828,-0.0968170417786748
chr10,77000000,77500000,AA,0.4373812779327671,0.2667558252235061
chr10,77500000,78000000,AA,0.4964170845384776,0.3365156233479422
chr10,78000000,78500000,AA,0.3768982351743412,0.3305389903480984
chr10,78500000,79000000,AA,0.5489728701100839,0.3641324112218679
chr10,79000000,79500000,AA,0.5241828938815132,0.5150700089716823
chr10,80000000,80500000,BB,-0.0183056191912533,-0.2066370112423529
chr10,80500000,81000000,BB,-0.1910205887842949,-0.4142121775504513
chr10,81000000,81500000,BB,-0.7326072510141062,-0.7501817867119458
chr10,81500000,82000000,BB,-0.7925533767016185,-0.8514593508475954
chr10,82000000,82500000,BB,-0.6749634519837103,-0.8621019844323792
chr10,82500000,83000000,BB,-0.7170587125548173,-0.8247514741788483
chr10,83000000,83500000,BB,-0.7029029709335811,-0.6251651991837949
chr10,83500000,84000000,BB,-0.3704587760482651,-0.3159960394317045
chr10,84000000,84500000,AA,0.1812643716931471,0.1912704320752039
chr10,84500000,85000000,BB,-0.0803610149310691,-0.070699208212036
chr10,85000000,85500000,BB,-0.1822289940418871,-0.2751325747365462
chr10,85500000,86000000,AB,0.0331619750365352,-0.1348266160691915
chr10,86000000,86500000,AA,0.3947160699767654,0.1459573033011424
chr10,86500000,87000000,AB,0.0274183050166114,-0.0431398671868565
chr10,87500000,88000000,BB,-0.2947347246957854,-0.2399111406119205
chr10,88000000,88500000,BB,-0.4433324329752634,-0.3216843318692242
chr10,88500000,89000000,BB,-0.406669443746897,-0.4094770001477534
chr10,89000000,89500000,BB,-0.3456712280260665,-0.335500317455518
chr10,89500000,90000000,BB,-0.2748235490362559,-0.248710777167457
chr10,90000000,90500000,BB,-0.2940151646948575,-0.3327459537364658
chr10,90500000,91000000,BB,-0.2667497435020477,-0.1975974989743016
chr10,91000000,91500000,BB,-0.2008622972249939,-0.1627366850360466
chr10,91500000,92000000,BB,-0.0842041487346254,-0.1350171702788663
chr10,92000000,92500000,AA,0.3953489207585553,0.1518494153954158
chr10,92500000,93000000,AA,0.1423219731114327,0.0586159895200344
chr10,93000000,93500000,AA,0.0856752674995332,0.1114462214887621
chr10,93500000,94000000,AA,0.0814196840478753,0.236910851801415
chr10,94000000,94500000,AA,0.2427605379944245,0.2116173996514835
chr10,94500000,95000000,AA,0.2458982145710422,0.3309757516854323
chr10,95000000,95500000,AA,0.3472548557847397,0.5568716331179574
chr10,95500000,96000000,AA,0.359816063949073,0.4297535837436628
chr10,96000000,96500000,AA,0.2299867600712937,0.3857487504855317
chr10,96500000,97000000,AA,0.3880422421696358,0.4123627652841896
chr10,97000000,97500000,AA,0.5770843639357671,0.478205206449297
chr10,97500000,98000000,AA,0.5673640142664892,0.5625811537274222
chr10,98000000,98500000,AA,0.3971706904063488,0.4788171927132744
chr10,98500000,99000000,AA,0.3523990773223359,0.3457159993426691
chr10,99000000,99500000,AA,0.4083809986377844,0.4146228925255764
chr10,99500000,100000000,AA,0.4126053051633014,0.4920411996908813
chr10,100000000,100500000,AA,0.4718965870836842,0.5626560662277172
chr10,100500000,101000000,AA,0.5864034925383633,0.6698516864423283
chr10,101000000,101500000,AA,0.5686066951831227,0.5935581785736108
chr10,101500000,102000000,AA,0.5671894262689848,0.5831329637429635
chr10,102000000,102500000,AA,0.573489811771448,0.6973531493855409
chr10,102500000,103000000,AA,0.5557088338633921,0.5171004424988086
chr10,103000000,103500000,AA,0.5117357025164,0.5265484741203273
chr10,103500000,104000000,AA,0.490495498338746,0.5846136622562007
chr10,104000000,104500000,AA,0.215817408993675,0.1965481531737257
chr10,104500000,105000000,AB,0.0617495106475942,-0.041350438476193
chr10,105000000,105500000,BB,-0.1512570426586214,-0.3469980115356045
chr10,105500000,106000000,BB,-0.3191948459853046,-0.5019557394472368
chr10,106000000,106500000,BB,-0.3366272755075824,-0.6686761628377778
chr10,106500000,107000000,BB,-0.234398672951723,-0.5556299426021104
chr10,107000000,107500000,BB,-0.4332398582615878,-0.5719640691188834
chr10,107500000,108000000,BB,-0.5349615868434511,-0.4601001389291902
chr10,108000000,108500000,BB,-0.5569130142340768,-0.4664890104470281
chr10,108500000,109000000,BB,-0.5046626400110537,-0.4883005565735505
chr10,109000000,109500000,BB,-0.3552131507940644,-0.2522958743166449
chr10,109500000,110000000,BB,-0.3360842993979353,-0.1682968002000089
chr10,110000000,110500000,BB,-0.0043036456423057,-0.0257951928424376
chr10,110500000,111000000,BB,-0.1198429776235494,-0.0205074795301354
chr10,111000000,111500000,BA,-0.1986595226028496,0.0298750370892312
chr10,111500000,112000000,BB,-0.2414514604015683,-0.093435328259466
chr10,112000000,112500000,BA,-0.0494391748313387,0.0582314633503966
chr10,112500000,113000000,BA,-0.131190476543218,0.0830565240441204
chr10,113000000,113500000,AA,0.237893753651016,0.3343013389862227
chr10,113500000,114000000,BA,-0.0759571216349618,0.1907929407276599
chr10,114000000,114500000,AA,0.2007316651576704,0.1536993160386325
chr10,114500000,115000000,BA,-0.0570187211212907,0.0113971463927104
chr10,115000000,115500000,BB,-0.4445395028769014,-0.4445483653907846
chr10,115500000,116000000,BB,-0.2133326768437276,-0.2599469286994663
chr10,116000000,116500000,BB,-0.0202568934365909,-0.0471164050118401
chr10,116500000,117000000,AA,0.0963891374494153,0.3166678463150639
chr10,117000000,117500000,AA,0.1186042505968749,0.0985921422325178
chr10,117500000,118000000,AA,0.1181389085957443,0.115715985397844
chr10,118000000,118500000,AA,0.0204647120812153,0.2339864288653199
chr10,118500000,119000000,AA,0.4686049670576988,0.5052189721702192
chr10,119000000,119500000,AA,0.4222142144525661,0.4820207497086221
chr10,119500000,120000000,AA,0.1123863867934992,0.3462007556559345
chr10,120000000,120500000,BA,-0.0610235687567409,0.2543114971824952
chr10,120500000,121000000,BA,-0.0321805191743338,0.2267364129979957
chr10,121000000,121500000,AA,0.1153499182385763,0.3728016725792618
chr10,121500000,122000000,AA,0.0348869265641658,0.1891839335160213
chr10,122000000,122500000,AA,0.3291932373860371,0.5714442349009397
chr10,122500000,123000000,AA,0.4434102182897799,0.6859390862576267
chr10,123000000,123500000,AA,0.4591115463936087,0.6527132585449602
chr10,123500000,124000000,AA,0.6749221953906247,0.5723003659805412
chr10,124000000,124500000,AA,0.5727376527931805,0.5225222504756133
chr10,124500000,125000000,AA,0.49484103107312,0.6087524782121315
chr10,125000000,125500000,AA,0.4310235864069555,0.4664705239002551
chr10,125500000,126000000,AA,0.4518309720104033,0.3763782881804527
chr10,126000000,126500000,AA,0.4126869249141118,0.405403658324262
chr10,126500000,127000000,AA,0.4439664821680383,0.5573539805100952
chr10,127000000,127500000,AA,0.3352128781673289,0.4463455695410582
chr10,127500000,128000000,AA,0.3453165617831382,0.2979998994251621
chr10,128000000,128500000,AA,0.416614808046204,0.3443197423351277
chr10,128500000,129000000,AA,0.3526056762921857,0.2918737982104431
chr10,129000000,129500000,AA,0.4883709587648642,0.3507913159371489
chr10,129500000,130000000,AA,0.5227718502489758,0.3392931465659021
chr10,130000000,130500000,AA,0.6382893859609332,0.3078854110793204
chr10,130500000,131000000,AA,0.5339700262398333,0.4064880556414553
chr10,131000000,131500000,AA,0.6137790157464166,0.50028125265255
chr10,131500000,132000000,AA,0.6515044627467369,0.6156908827937061
chr11,3500000,4000000,AA,0.6057136231727095,0.5294237069613598
chr11,4000000,4500000,AA,0.5181142189647859,0.4861504948832092
chr11,4500000,5000000,AA,0.448006171418239,0.4495066526571902
chr11,5000000,5500000,AA,0.3215210373942468,0.3820021076490092
chr11,5500000,6000000,AA,0.3599773017270638,0.3908927850614803
chr11,6000000,6500000,AA,0.3979671699157505,0.5219529487467418
chr11,6500000,7000000,AA,0.398394086291942,0.5899702265391099
chr11,7000000,7500000,AA,0.3187420344465281,0.4654819232334404
chr11,7500000,8000000,AA,0.4245632355994133,0.505939862928457
chr11,8000000,8500000,AA,0.4770342510246992,0.5039441428677023
chr11,8500000,9000000,AA,0.5404577796083672,0.4607409683673612
chr11,9000000,9500000,AA,0.4734882432555221,0.3754186763752771
chr11,9500000,10000000,AA,0.3162018358567781,0.413974394573733
chr11,10000000,10500000,AA,0.2139565955698159,0.3633352990945833
chr11,10500000,11000000,AA,0.4277878145003976,0.4217123766452649
chr11,11000000,11500000,AA,0.3548781391865298,0.527909441284073
chr11,11500000,12000000,AA,0.3151560835422794,0.4245884788611131
chr11,12000000,12500000,AA,0.3896967621327373,0.4603544723778797
chr11,12500000,13000000,AA,0.3025575293747025,0.2714457891139991
chr11,13000000,13500000,AA,0.2646076508657867,0.2268499220424815
chr11,13500000,14000000,AA,0.1264251056614801,0.1285520207668978
chr11,14000000,14500000,AA,0.0515108655089297,0.0655531076436987
chr11,14500000,15000000,BB,-0.1237430876000474,-0.0465424345018219
chr11,15000000,15500000,BB,-0.1231040401524474,-0.0868310494564646
chr11,15500000,16000000,AA,0.0923869020380816,0.0991506441606707
chr11,16000000,16500000,AA,0.0063264065463098,0.0571127931031871
chr11,16500000,17000000,AA,0.2496913217897401,0.2573651238228574
chr11,17000000,17500000,AA,0.3387399937879258,0.3834610173150872
chr11,17500000,18000000,AA,0.2743563127239182,0.4616023194780673
chr11,18000000,18500000,AA,0.2416893241684778,0.2082041390816682
chr11,18500000,19000000,AA,0.114983126410223,0.1020861756648755
chr11,19000000,19500000,AB,0.061995111202209,-0.0564781617924819
chr11,19500000,20000000,BB,-0.067013372545352,-0.0017560745789084
chr11,20000000,20500000,BB,-0.3517982672111295,-0.3204639911025985
chr11,20500000,21000000,BB,-0.450813219248139,-0.5414495056344305
chr11,21000000,21500000,BB,-0.7320978570810085,-0.5878742736075336
chr11,21500000,22000000,BB,-0.7444397056115988,-0.6598667576669736
chr11,22000000,22500000,BB,-0.7450835092995888,-0.6424332680524586
chr11,22500000,23000000,BB,-0.5001762364391393,-0.4971916272826608
chr11,23000000,23500000,BB,-0.6493429022530449,-0.7684652064235847
chr11,23500000,24000000,BB,-0.6768313849308696,-0.795875252199602
chr11,24000000,24500000,BB,-0.7031767858222616,-0.7655305099460101
chr11,24500000,25000000,BB,-0.5643474119512853,-0.6433002551297782
chr11,25000000,25500000,BB,-0.6225205074337861,-0.646539657742275
chr11,25500000,26000000,BB,-0.7503310446888014,-0.732029557246723
chr11,26000000,26500000,BB,-0.6857397233834154,-0.663810924714542
chr11,26500000,27000000,BB,-0.5727149508228659,-0.4235893319189524
chr11,27000000,27500000,BB,-0.3186260144140382,-0.2186390126694645
chr11,27500000,28000000,BB,-0.3799272653926225,-0.2510917815199575
chr11,28000000,28500000,BB,-0.4999461474938235,-0.4338997164986529
chr11,28500000,29000000,BB,-0.6029118500702473,-0.3695430744763326
chr11,29000000,29500000,BB,-0.6732892081068287,-0.5085240577860514
chr11,29500000,30000000,BB,-0.4400330100252036,-0.2124442403946662
chr11,30000000,30500000,BB,-0.5862897630621787,-0.3790501145225515
chr11,30500000,31000000,BB,-0.4571025035387762,-0.3562379201936491
chr11,31000000,31500000,BB,-0.2145111655503189,-0.1238579470001338
chr11,31500000,32000000,BB,-0.2779923126114724,-0.1692558835222802
chr11,32000000,32500000,BA,-0.0634871988694703,0.1847009509119595
chr11,32500000,33000000,AA,0.0262342548571753,0.1857275232603905
chr11,33000000,33500000,AA,0.2609145849016118,0.4547801319336078
chr11,33500000,34000000,AA,0.3114529136520621,0.5548841190204228
chr11,34000000,34500000,AA,0.2815970577994805,0.3590411832744871
chr11,34500000,35000000,BA,-0.0900902609458125,0.0604071674910039
chr11,35000000,35500000,BA,-0.0450492516883775,0.0826773064774252
chr11,35500000,36000000,BB,-0.0778149793027425,-0.114717305303989
chr11,36000000,36500000,BA,-0.0420792983693643,0.0036965892756279
chr11,36500000,37000000,BB,-0.4518331079859639,-0.4190515332939676
chr11,37000000,37500000,BB,-0.6760105039993973,-0.5712016875290132
chr11,37500000,38000000,BB,-0.8720829291617229,-0.7612721407527412
chr11,38000000,38500000,BB,-0.8696371633471626,-0.7119205167852691
chr11,38500000,39000000,BB,-0.8453830899203393,-0.7165487598754954
chr11,39000000,39500000,BB,-0.6455224085090311,-0.6185306268994721
chr11,39500000,40000000,BB,-0.7149467385684493,-0.5711235739251455
chr11,40000000,40500000,BB,-0.6610792657048318,-0.5322628070393061
chr11,40500000,41000000,BB,-0.647267082037411,-0.5159295364171723
chr11,41000000,41500000,BB,-0.5370458781281139,-0.4817526992224974
chr11,41500000,42000000,BB,-0.2904217080537324,-0.2362933913790062
chr11,42000000,42500000,BB,-0.3201137206233533,-0.3915371951097185
chr11,42500000,43000000,BB,-0.2438272246236195,-0.2397551683023258
chr11,43000000,43500000,BB,-0.188698834166453,-0.1262052271474306
chr11,43500000,44000000,AA,0.2768080338047181,0.2614165099916832
chr11,44000000,44500000,AA,0.3646015579106412,0.312532941933304
chr11,44500000,45000000,AA,0.4448483207219886,0.4937241859161717
chr11,45000000,45500000,AA,0.4247471210681237,0.3093508583075537
chr11,45500000,46000000,AA,0.3573924033056597,0.3018346664532319
chr11,46000000,46500000,AA,0.4018620960612129,0.5362656553433774
chr11,46500000,47000000,AA,0.4116532346692276,0.5590961210621933
chr11,47000000,47500000,AA,0.5552433681338195,0.5460594184548155
chr11,47500000,48000000,AA,0.6639590348099558,0.5598876561030138
chr11,48000000,48500000,AA,0.4793141402787481,0.4827201909972427
chr11,56000000,56500000,AA,0.1649408517824777,0.2201594667370483
chr11,56500000,57000000,AA,0.3262693809043083,0.1007861643435524
chr11,57000000,57500000,AA,0.6738396104516278,0.3194249278397107
chr11,57500000,58000000,AA,0.5460581457527981,0.3299431631546546
chr11,58000000,58500000,AA,0.3060280236492197,0.1991541933266465
chr11,58500000,59000000,AA,0.3223677196232424,0.2969301832935845
chr11,59000000,59500000,AA,0.4507177642900469,0.2324676689623825
chr11,59500000,60000000,AA,0.3775672455669372,0.2521276780973152
chr11,60000000,60500000,AA,0.3343677481754251,0.3026528163466562
chr11,60500000,61000000,AA,0.5085148059914626,0.5369077942835423
chr11,61000000,61500000,AA,0.6405859027811486,0.6335637111222784
chr11,61500000,62000000,AA,0.634472904312974,0.6710341929992976
chr11,62000000,62500000,AA,0.648096991457621,0.6059349613998453
chr11,62500000,63000000,AA,0.7089927269203388,0.5896206495071882
chr11,63000000,63500000,AA,0.6019804001848104,0.6147779031584827
chr11,63500000,64000000,AA,0.641837099159524,0.6286889410199987
chr11,64500000,65000000,AA,0.6841959063172408,0.6317421370704948
chr11,65000000,65500000,AA,0.6215972666614501,0.6639564842287189
chr11,65500000,66000000,AA,0.6247181352018129,0.605193198141556
chr11,66000000,66500000,AA,0.595381672012084,0.6640739675232832
chr11,66500000,67000000,AA,0.5853352479421694,0.6422052163415003
chr11,67000000,67500000,AA,0.571225827167838,0.6930935243893783
chr11,67500000,68000000,AA,0.4919431141072347,0.5398114619366544
chr11,68000000,68500000,AA,0.4131005015008253,0.5315702736487726
chr11,68500000,69000000,AA,0.4866049717225563,0.5116278077093822
chr11,69000000,69500000,AA,0.5092328499733537,0.4654363882514504
chr11,69500000,70000000,AA,0.4637364413415498,0.5074843326189928
chr11,70000000,70500000,AA,0.4667994327942681,0.4496928003698952
chr11,70500000,71000000,AA,0.4708509234083086,0.460953812673023
chr11,71000000,71500000,AA,0.3325414587338728,0.3575006872180875
chr11,71500000,72000000,AA,0.2550574024671669,0.2656230266746188
chr11,72000000,72500000,AA,0.3053889552630385,0.3322165770742102
chr11,72500000,73000000,AA,0.3182239972237481,0.2169641026046711
chr11,73000000,73500000,AA,0.2451524773364118,0.2616107149859986
chr11,73500000,74000000,AA,0.1295746760537543,0.1460853049737193
chr11,74000000,74500000,AA,0.0323802713212285,0.0212206669761083
chr11,74500000,75000000,AB,0.1688425077821231,-0.0062404807477667
chr11,75000000,75500000,AA,0.1875169161151343,0.1186469275010863
chr11,75500000,76000000,BB,-0.0328310511335212,-0.0443577591219562
chr11,76000000,76500000,BB,-0.0905320995938955,-0.2723026139042817
chr11,76500000,77000000,BB,-0.1276089065934503,-0.18356778402223
chr11,77000000,77500000,BB,-0.1742479299168712,-0.1827947365561236
chr11,77500000,78000000,BB,-0.2212003290044181,-0.263370333405151
chr11,78000000,78500000,BB,-0.1587531191621052,-0.1753953907130393
chr11,78500000,79000000,BB,-0.2177267885358799,-0.2618010327695133
chr11,79000000,79500000,BB,-0.3657864449992368,-0.3838969287552157
chr11,79500000,80000000,BB,-0.5961093649839494,-0.6344599596456185
chr11,80000000,80500000,BB,-0.713294841505844,-0.7287006710551077
chr11,80500000,81000000,BB,-0.7877725448684473,-0.8148146809720617
chr11,81000000,81500000,BB,-0.9366363365009212,-0.920768733752132
chr11,81500000,82000000,BB,-0.7766851103825076,-0.8377446293107715
chr11,82000000,82500000,BB,-0.5295503054338385,-0.4827329204170305
chr11,82500000,83000000,BB,-0.3992802108703121,-0.4878079870719082
chr11,83000000,83500000,BB,-0.1731619405438119,-0.2217178288862611
chr11,83500000,84000000,BB,-0.5177707814831447,-0.6751789599862797
chr11,84000000,84500000,BB,-0.6914526723189507,-0.8784585665907269
chr11,84500000,85000000,BB,-0.9265735678099564,-0.9365032319021276
chr11,85000000,85500000,BB,-0.6931876060892749,-0.7775338124139941
chr11,85500000,86000000,BB,-0.5371573038035591,-0.4570587881902171
chr11,86000000,86500000,BB,-0.5030757048181627,-0.5092849257275283
chr11,86500000,87000000,BB,-0.5234802529771208,-0.295302600868277
chr11,87000000,87500000,BB,-0.7216910782016568,-0.5088999571242995
chr11,87500000,88000000,BB,-0.6286458884311069,-0.5723148337025076
chr11,88000000,88500000,BB,-0.7128069291957082,-0.6538055313694946
chr11,88500000,89000000,BB,-0.62335702282583,-0.3874953981769414
chr11,89000000,89500000,BB,-0.8952344257334457,-0.751856592249949
chr11,90000000,90500000,BB,-0.7147359695064444,-0.6262831160827307
chr11,90500000,91000000,BB,-0.833134800834805,-0.876554418771663
chr11,91000000,91500000,BB,-0.8712632846241803,-0.8899674500923255
chr11,91500000,92000000,BB,-0.6475177384020522,-0.6467024883561475
chr11,92000000,92500000,BB,-0.5967353146893725,-0.5119614968140573
chr11,92500000,93000000,BB,-0.4421904173961261,-0.4229236079907321
chr11,93000000,93500000,BB,-0.4045110928693942,-0.3646855308095726
chr11,93500000,94000000,BB,-0.0746552543033278,-0.2194209592637575
chr11,94000000,94500000,BB,-0.192328396060093,-0.238884517386208
chr11,94500000,95000000,BB,-0.0686184337717809,-0.08292539360899
chr11,95000000,95500000,BB,-0.1335047708625799,-0.1755656439505673
chr11,95500000,96000000,BB,-0.3640060575271687,-0.3362918938801945
chr11,96000000,96500000,BB,-0.2399459708255174,-0.3328178409044935
chr11,96500000,97000000,BB,-0.459250203328052,-0.5621800092639838
chr11,97000000,97500000,BB,-0.6385534456228444,-0.6713484737553368
chr11,97500000,98000000,BB,-0.7707259028923142,-0.7689313597324136
chr11,98000000,98500000,BB,-0.7082429948124411,-0.6760234708700403
chr11,98500000,99000000,BB,-0.630725603892406,-0.7208346235185125
chr11,99000000,99500000,BB,-0.7177189822148746,-0.7384920634754532
chr11,99500000,100000000,BB,-0.7033795513181125,-0.702654667373166
chr11,100000000,100500000,BB,-0.6257812235165989,-0.6868493914867169
chr11,100500000,101000000,BB,-0.6098422867273814,-0.6231324943165174
chr11,101000000,101500000,BB,-0.6300262741780633,-0.5723406715921737
chr11,101500000,102000000,BB,-0.6625512191609055,-0.6675259170163442
chr11,102000000,102500000,BB,-0.5145872923246025,-0.5044838525872114
chr11,102500000,103000000,BB,-0.6377216019614893,-0.6146047587988256
chr11,103000000,103500000,BB,-0.684855861677954,-0.709987672007865
chr11,103500000,104000000,BB,-0.6406504716570941,-0.781512279293723
chr11,104000000,104500000,BB,-0.7497289168270507,-0.8398103980877464
chr11,104500000,105000000,BB,-0.9135780442281504,-0.9139674629772352
chr11,105000000,105500000,BB,-0.83729441976257,-0.8191734258654502
chr11,105500000,106000000,BB,-0.8072211643083512,-0.8374088103735537
chr11,106000000,106500000,BB,-0.51449255241981,-0.6816558952534861
chr11,106500000,107000000,BB,-0.8244178173712381,-0.7923564817353411
chr11,107000000,107500000,BB,-0.7225557831304028,-0.7057597199471501
chr11,107500000,108000000,BB,-0.577140459310462,-0.6085101469729278
chr11,108000000,108500000,BB,-0.3926916274273194,-0.3410220012092932
chr11,108500000,109000000,BB,-0.4522968158089454,-0.4151412073627774
chr11,109000000,109500000,BB,-0.487057140347144,-0.5450592748506305
chr11,109500000,110000000,BB,-0.626531923525664,-0.5052769436046389
chr11,110000000,110500000,BB,-0.5272980721366961,-0.453193731028007
chr11,110500000,111000000,BB,-0.5138295346982118,-0.5698196471919291
chr11,111000000,111500000,BB,-0.360336068109761,-0.4984956510119516
chr11,111500000,112000000,BB,-0.1809931786668668,-0.3253581600330762
chr11,112000000,112500000,BB,-0.2908152957900439,-0.3191182088422151
chr11,112500000,113000000,BB,-0.3440011203030506,-0.2669683267541255
chr11,113000000,113500000,BB,-0.1335857908309173,-0.119584078998244
chr11,113500000,114000000,BB,-0.1072520158291581,-0.172755686656514
chr11,114000000,114500000,AB,0.0004999267789753,-0.1188984967848742
chr11,114500000,115000000,BB,-0.2876188409355382,-0.1346745032605981
chr11,115000000,115500000,BB,-0.2367609444408118,-0.1680709006619921
chr11,115500000,116000000,BA,-0.0566704005539063,0.0503491463889819
chr11,116000000,116500000,AA,0.1412280177135053,0.2371917043309432
chr11,116500000,117000000,AA,0.2026098626037917,0.0669291703173074
chr11,117000000,117500000,AA,0.343850363642268,0.1661998131914948
chr11,117500000,118000000,AA,0.2466532488416215,0.3315060898321905
chr11,118000000,118500000,AA,0.1682908105108485,0.3700243409332327
chr11,118500000,119000000,AA,0.2298746328665932,0.2650035436154118
chr11,119000000,119500000,AA,0.3646760126679653,0.312804046803645
chr11,119500000,120000000,AA,0.503109856897354,0.2282141861090438
chr11,120000000,120500000,AB,0.2544550701612074,-0.0162898403917427
chr11,120500000,121000000,AB,0.172985317026742,-0.0959346518783159
chr11,121000000,121500000,BB,-0.0302079850381305,-0.1259470671800109
chr11,121500000,122000000,AB,0.0717783926430094,-0.0494480421045651
chr11,122000000,122500000,BB,-0.0524589546000684,-0.0616603398523324
chr11,122500000,123000000,BB,-0.2466824624863944,-0.0466353431833132
chr11,123000000,123500000,AB,0.0065825890903295,-0.0178683490016523
chr11,123500000,124000000,BB,-0.083205147852768,-0.0924189149506633
chr11,124000000,124500000,BB,-0.3221997245791567,-0.2255221797925744
chr11,124500000,125000000,BB,-0.0350662708973446,-0.0255784664893699
chr11,125000000,125500000,BA,-0.0268351667139882,0.1060046282720656
chr11,125500000,126000000,AA,0.1606361709645454,0.150665775027954
chr11,126000000,126500000,AA,0.2807924512631855,0.4134518023301844
chr11,126500000,127000000,AA,0.3022247091333441,0.3467468968978084
chr11,127000000,127500000,AA,0.1673387074812148,0.1675860748164311
chr11,127500000,128000000,BB,-0.180603731957366,-0.1189644090431242
chr11,128000000,128500000,AB,0.036214321757554,-0.119736985506143
chr11,128500000,129000000,AB,0.0985061371887926,-0.005533347761734
chr11,129000000,129500000,AB,0.0678345038552355,-0.004690626740086
chr11,129500000,130000000,AA,0.2224926268684153,0.2042669966701384
chr11,130000000,130500000,AA,0.2179206921487255,0.3556142493064803
chr11,130500000,131000000,AA,0.1834949248205038,0.1987723139102034
chr11,131000000,131500000,AA,0.166954392739785,0.1838320253874158
chr11,131500000,132000000,BA,-0.0165339266912926,0.218409075012256
chr11,132000000,132500000,BA,-0.0636890540817206,0.105709668356174
chr11,132500000,133000000,BA,-0.0062040665145043,0.1457155948477959
chr11,133000000,133500000,BA,-0.0145642638795707,0.1408262308908592
chr11,133500000,134000000,AA,0.1015981958774241,0.1227155535463646
chr11,134000000,134500000,AA,0.1271110214957978,0.2651450275486873
chr11,134500000,135000000,AA,0.0702549776498028,0.217464383639932
chr12,0,500000,AA,0.5247775237370551,0.507584876312075
chr12,500000,1000000,AA,0.1434359031555923,0.4007727216497741
chr12,1000000,1500000,AA,0.3012803171214911,0.2400889167198165
chr12,1500000,2000000,AA,0.5971369290972742,0.3048373817935221
chr12,2000000,2500000,AA,0.608476516363948,0.4872788125674701
chr12,2500000,3000000,AA,0.5678892562639629,0.4661572234639858
chr12,3000000,3500000,AA,0.4998658488682363,0.4889320673700173
chr12,3500000,4000000,AA,0.4539766920016918,0.2813189974763411
chr12,4000000,4500000,AA,0.3113958638229053,0.3091344464926605
chr12,4500000,5000000,AA,0.39945710176303,0.492384811504809
chr12,5000000,5500000,AA,0.3200191012400341,0.4025980520829326
chr12,5500000,6000000,AA,0.3745050635138761,0.460392015233556
chr12,6000000,6500000,AA,0.5215452210935736,0.5405723870725108
chr12,6500000,7000000,AA,0.4793518921286591,0.453470297192051
chr12,7000000,7500000,AA,0.1273230610983494,0.14853558734012
chr12,7500000,8000000,BA,-0.014362825009947,0.2337926557434891
chr12,8000000,8500000,AA,0.0437479289422206,0.1254807133764216
chr12,8500000,9000000,BB,-0.1779944579493429,-0.0615115179287886
chr12,9000000,9500000,BB,-0.2080557198110907,-0.0841550287607851
chr12,9500000,10000000,BB,-0.4543167802243869,-0.2829427746212818
chr12,10000000,10500000,BB,-0.5059536681148465,-0.4539666863091732
chr12,10500000,11000000,BB,-0.5878954510275405,-0.5573506131756188
chr12,11000000,11500000,BB,-0.5328439259156383,-0.5239779594162561
chr12,11500000,12000000,BB,-0.2858079204694453,-0.3398158336011824
chr12,12000000,12500000,BB,-0.2709909566263225,-0.2497496468148185
chr12,12500000,13000000,BB,-0.2078010765380704,-0.0364768626807724
chr12,13000000,13500000,BB,-0.1468646212161889,-0.0901881431375772
chr12,13500000,14000000,BB,-0.3051671300940779,-0.5061131392378987
chr12,14000000,14500000,BB,-0.2843254225039781,-0.3336740412540916
chr12,14500000,15000000,BB,-0.1653927926842984,-0.1714784471079846
chr12,15000000,15500000,BB,-0.3780974387549898,-0.5129135405126919
chr12,15500000,16000000,BB,-0.5465050026333278,-0.5736910426367869
chr12,16000000,16500000,BB,-0.461729846436325,-0.4963744262056528
chr12,16500000,17000000,BB,-0.6275026142637454,-0.5716760762422493
chr12,17000000,17500000,BB,-0.6391636534677936,-0.5847003883088554
chr12,17500000,18000000,BB,-0.5037651127369535,-0.4364617905014359
chr12,18000000,18500000,BB,-0.5998699441636696,-0.541299354805202
chr12,18500000,19000000,BB,-0.5078665483308809,-0.4138705545176695
chr12,19000000,19500000,BB,-0.4390686973244629,-0.3691525655341455
chr12,19500000,20000000,BB,-0.4560120273474155,-0.4681777140895113
chr12,20000000,20500000,BB,-0.619325783124596,-0.5528182546580603
chr12,20500000,21000000,BB,-0.5831748835428692,-0.5107048367680973
chr12,21000000,21500000,BB,-0.558379983605862,-0.5058033324886455
chr12,21500000,22000000,BB,-0.6188675258285121,-0.5874082851612048
chr12,22000000,22500000,BB,-0.4252555403664673,-0.4903955241043321
chr12,22500000,23000000,BB,-0.3195292053797827,-0.3855539928411541
chr12,23000000,23500000,BB,-0.4928628623248402,-0.4771074013713355
chr12,23500000,24000000,BB,-0.660743644857299,-0.6353457643894749
chr12,24000000,24500000,BB,-0.6244150811312672,-0.5831466096419048
chr12,24500000,25000000,BB,-0.4161755917646707,-0.344777815461999
chr12,25000000,25500000,BB,-0.1907496236538913,-0.2583702841000022
chr12,25500000,26000000,BB,-0.2977320501283559,-0.352450674495689
chr12,26000000,26500000,BB,-0.4754930565830778,-0.455729759675381
chr12,26500000,27000000,BB,-0.402476919040361,-0.3768346892807618
chr12,27000000,27500000,BB,-0.2313036853266003,-0.2452325922463711
chr12,27500000,28000000,BB,-0.2396029170016811,-0.3316221857061596
chr12,28000000,28500000,BB,-0.0095195928450302,-0.2680229774243019
chr12,28500000,29000000,BB,-0.2519978803861674,-0.3943100120305454
chr12,29000000,29500000,BB,-0.1998967060318408,-0.5824265751605449
chr12,29500000,30000000,BB,-0.1849870451307365,-0.2449143991807297
chr12,30000000,30500000,BB,-0.2570824328745681,-0.3474260284306485
chr12,30500000,31000000,BB,-0.1987663742042632,-0.1122418457739351
chr12,31000000,31500000,BA,-0.0530188878071151,0.0476022985580381
chr12,31500000,32000000,BB,-0.0859161670924128,-0.1200855941554212
chr12,32000000,32500000,BB,-0.2222458532657636,-0.2955856678976427
chr12,32500000,33000000,BA,-0.1926789425809799,0.0043127254089446
chr12,33000000,33500000,BB,-0.3910532316646737,-0.0895283272255144
chr12,33500000,34000000,BB,-0.4361815325621729,-0.0565265864567381
chr12,34000000,34500000,BB,-0.0971188328247612,-0.0281206974917788
chr12,38000000,38500000,BA,-0.1780566134735268,0.0843075487313035
chr12,38500000,39000000,BA,-0.2053340005178135,0.0855146682517905
chr12,39000000,39500000,BB,-0.4191463384687494,-0.0680881629142019
chr12,39500000,40000000,BB,-0.4272880208934193,-0.2433565565722138
chr12,40000000,40500000,BB,-0.4274030871657661,-0.1653546389860869
chr12,40500000,41000000,BB,-0.404602457386431,-0.2382090728866736
chr12,41000000,41500000,BB,-0.506351810359002,-0.3679202788138659
chr12,41500000,42000000,BB,-0.4138219383910688,-0.3813739735053919
chr12,42000000,42500000,BB,-0.3252592213415416,-0.3624100802050291
chr12,42500000,43000000,BB,-0.3144244370133502,-0.4756454466943619
chr12,43000000,43500000,BB,-0.7086275136066067,-0.7185007548936375
chr12,43500000,44000000,BB,-0.6172097028189573,-0.6129268272413776
chr12,44000000,44500000,BB,-0.551819744761394,-0.5349773979090009
chr12,44500000,45000000,BB,-0.6600887319509346,-0.7119006386425258
chr12,45000000,45500000,BB,-0.6146071048730043,-0.6803683341457496
chr12,45500000,46000000,BB,-0.6027980949787293,-0.6735793699547199
chr12,46000000,46500000,BB,-0.3743604697472011,-0.4494963967514141
chr12,46500000,47000000,BB,-0.4057188709579593,-0.4799935938653155
chr12,47000000,47500000,BB,-0.1911798988732053,-0.2183539209837192
chr12,47500000,48000000,AA,0.1123165774438431,0.0494785338446946
chr12,48000000,48500000,AA,0.4525390223955761,0.2870448107232124
chr12,48500000,49000000,AA,0.5405975400383812,0.6189122444413323
chr12,49000000,49500000,AA,0.5099630108757122,0.5848609842796729
chr12,49500000,50000000,AA,0.9528130112446914,0.6843231414617897
chr12,50000000,50500000,AA,0.7191474290204787,0.6603741785451835
chr12,50500000,51000000,AA,0.4660614617962867,0.3441582103492242
chr12,51000000,51500000,AA,0.6432637432312659,0.5811204314664596
chr12,51500000,52000000,AA,0.7487526591702752,0.6108356507878486
chr12,52000000,52500000,AA,0.943828988683098,0.8873663619013551
chr12,52500000,53000000,AA,0.873345845137609,0.7351045348282667
chr12,53000000,53500000,AA,0.8359753010133972,0.698639754774537
chr12,53500000,54000000,AA,0.7971137752853233,0.6726759282298099
chr12,54000000,54500000,AA,0.7979079785726976,0.7095255307999043
chr12,54500000,55000000,AA,0.4010715299006649,0.2178545561000723
chr12,55000000,55500000,AA,0.0601156195004201,0.0230072282255545
chr12,55500000,56000000,AA,0.4154204705874697,0.3685362988839109
chr12,56000000,56500000,AA,0.5007645941945463,0.6116876585304726
chr12,56500000,57000000,AA,0.333089183366668,0.3487811399368455
chr12,57000000,57500000,AA,0.358619960750607,0.3575287688966624
chr12,57500000,58000000,AA,0.1917607327722146,0.1794052118735388
chr12,58000000,58500000,BB,-0.41497526022378,-0.4305905498956224
chr12,58500000,59000000,BB,-0.7180003854795164,-0.6349810424132473
chr12,59000000,59500000,BB,-0.8963021575968414,-0.7575680727366775
chr12,59500000,60000000,BB,-0.7672838943863394,-0.7077593596575235
chr12,60000000,60500000,BB,-0.8704479764088805,-0.8772530465586141
chr12,60500000,61000000,BB,-0.7252379645371789,-0.7524166079344559
chr12,61000000,61500000,BB,-0.5788359607710445,-0.6085976588944674
chr12,61500000,62000000,BB,-0.2348827146509455,-0.4186430300143821
chr12,62000000,62500000,BB,-0.0396233705033874,-0.133415892842852
chr12,62500000,63000000,BB,-0.1748473845156133,-0.2758696010644416
chr12,63000000,63500000,BB,-0.4145172639359334,-0.552122962556944
chr12,63500000,64000000,BB,-0.2533158261270273,-0.3241975453385959
chr12,64000000,64500000,BA,-0.0616134610733354,0.0411006721622321
chr12,64500000,65000000,AA,0.1297196921164014,0.1001514258551645
chr12,65000000,65500000,BB,-0.3412224498521157,-0.3760669983214847
chr12,65500000,66000000,BB,-0.4002177485458226,-0.4048238852008242
chr12,66000000,66500000,BB,-0.4627977120229227,-0.3857033737834523
chr12,66500000,67000000,BB,-0.5780372072955974,-0.5041264553381524
chr12,67000000,67500000,BB,-0.2846846554764921,-0.4566986249849155
chr12,67500000,68000000,BB,-0.2129091539544675,-0.1897046264738001
chr12,68000000,68500000,BB,-0.1747939580806201,-0.182534101161078
chr12,68500000,69000000,BB,-0.0812801367871129,-0.0088345370002344
chr12,69000000,69500000,BB,-0.0314401684947203,-0.0713921963515954
chr12,69500000,70000000,AA,0.0892203834324283,0.0900516568097959
chr12,70000000,70500000,BB,-0.2841578153931778,-0.3083921611251404
chr12,70500000,71000000,BB,-0.4093712228147522,-0.396621488487451
chr12,71000000,71500000,BB,-0.2825437552413596,-0.1930321510991393
chr12,71500000,72000000,BB,-0.0533366966253146,-0.0091575483447033
chr12,72000000,72500000,BB,-0.3149298555335402,-0.3054063971244028
chr12,72500000,73000000,BB,-0.5277584120804167,-0.4653503811558847
chr12,73000000,73500000,BB,-0.617736859090981,-0.4709096761485425
chr12,73500000,74000000,BB,-0.7010898059504175,-0.5299048877255017
chr12,74000000,74500000,BB,-0.7194824853534861,-0.5525279047529018
chr12,74500000,75000000,BB,-0.5606648198667842,-0.5288024709140144
chr12,75000000,75500000,BB,-0.5408499856463578,-0.5467623537974614
chr12,75500000,76000000,BB,-0.2472635903573756,-0.2121544827897363
chr12,76000000,76500000,BB,-0.3232748561123582,-0.2702734724746943
chr12,76500000,77000000,BB,-0.3324542504481284,-0.3271433130487455
chr12,77000000,77500000,BB,-0.2764837263913901,-0.2337878137253683
chr12,77500000,78000000,BB,-0.4307830045737019,-0.5773549319592062
chr12,78000000,78500000,BB,-0.5192477707878702,-0.4775762917555565
chr12,78500000,79000000,BB,-0.5516936335933964,-0.486476531696596
chr12,79000000,79500000,BB,-0.5699928971609352,-0.5639692750481469
chr12,79500000,80000000,BB,-0.3845082948709752,-0.2658041988747222
chr12,80000000,80500000,BB,-0.4605189490004289,-0.5463234734835913
chr12,80500000,81000000,BB,-0.5788918365524786,-0.5021246697191704
chr12,81000000,81500000,BB,-0.591579231011724,-0.5456360726635748
chr12,81500000,82000000,BB,-0.6500061250187879,-0.5596508663846561
chr12,82000000,82500000,BB,-0.624177986346884,-0.5601827185020132
chr12,82500000,83000000,BB,-0.6192628378446651,-0.5028917937257091
chr12,83000000,83500000,BB,-0.5221174204625643,-0.3365096279066888
chr12,83500000,84000000,BB,-0.5089989521722826,-0.3641322589718076
chr12,84000000,84500000,BB,-0.5694657705663161,-0.6270922342918228
chr12,84500000,85000000,BB,-0.5968599787177375,-0.5803909218276263
chr12,85000000,85500000,BB,-0.5372545467598274,-0.3404497099217883
chr12,85500000,86000000,BB,-0.4311706084509218,-0.4313315593172144
chr12,86000000,86500000,BB,-0.1814569934744941,-0.3846842979661516
chr12,86500000,87000000,BB,-0.5144062916284631,-0.4931652508130406
chr12,87000000,87500000,BB,-0.630697318620285,-0.5483342348199686
chr12,87500000,88000000,BB,-0.4003035941559487,-0.4138611871560765
chr12,88000000,88500000,BB,-0.3223148244712286,-0.4082106344414223
chr12,88500000,89000000,BB,-0.4010699351185855,-0.5942412357300904
chr12,89000000,89500000,BB,-0.266690633420252,-0.357424435562813
chr12,89500000,90000000,BB,-0.4586330963050156,-0.5840181316313479
chr12,90000000,90500000,BB,-0.4697754621689091,-0.6245300839653696
chr12,90500000,91000000,BB,-0.6897625724104642,-0.712709961223477
chr12,91000000,91500000,BB,-0.7007423668946307,-0.7461430146347976
chr12,91500000,92000000,BB,-0.7093729865363911,-0.5917072665256298
chr12,92000000,92500000,BB,-0.3888351849915737,-0.2717105399221721
chr12,92500000,93000000,BB,-0.4525489769359556,-0.5221728258159961
chr12,93000000,93500000,BB,-0.2007371264089206,-0.3628892038456721
chr12,93500000,94000000,BB,-0.2775471833732705,-0.3848558403994602
chr12,94000000,94500000,BB,-0.3125979243192228,-0.3660161226933985
chr12,94500000,95000000,BB,-0.1980576118390175,-0.3527949141698828
chr12,95000000,95500000,BB,-0.1097173152055635,-0.0855859203204248
chr12,95500000,96000000,BB,-0.0222195267873824,-0.0452064792505464
chr12,96000000,96500000,BB,-0.2527491002559057,-0.317207807580945
chr12,96500000,97000000,BB,-0.3952834150125542,-0.281227805875662
chr12,97000000,97500000,BB,-0.3859830737266785,-0.3399754565951373
chr12,97500000,98000000,BB,-0.3650377702282407,-0.4927174867348441
chr12,98000000,98500000,BB,-0.3824182444307155,-0.3809226871436908
chr12,98500000,99000000,BB,-0.2392499711297739,-0.2187837962411744
chr12,99000000,99500000,BB,-0.1451411442303368,-0.1703932762844596
chr12,99500000,100000000,BB,-0.2389179373517508,-0.1440947140598913
chr12,100000000,100500000,BB,-0.1313883812307414,-0.0379442905566412
chr12,100500000,101000000,BB,-0.2336691588854118,-0.1422993082635543
chr12,101000000,101500000,BB,-0.0363686099332568,-0.0252060099265213
chr12,101500000,102000000,AA,0.0896493418633554,0.2418062803917393
chr12,102000000,102500000,AB,0.0590843312131249,-0.0133977557905209
chr12,102500000,103000000,AB,0.0856930678735209,-0.0301875447195065
chr12,103000000,103500000,BB,-0.094323774860461,-0.1395468188966437
chr12,103500000,104000000,AA,0.1195754071842194,0.0221774964580971
chr12,104000000,104500000,AA,0.2362298833050362,0.0855789585423083
chr12,104500000,105000000,BB,-0.051769947517711,-0.0987469843258826
chr12,105000000,105500000,AB,0.0360635092191085,-0.1281054607524034
chr12,105500000,106000000,AA,0.0870471888790974,0.0426128373732839
chr12,106000000,106500000,AA,0.0266046715269825,0.0649266064374758
chr12,106500000,107000000,AA,0.089241271899557,0.0654553332529068
chr12,107000000,107500000,AA,0.2286539592091831,0.2111341737781633
chr12,107500000,108000000,AA,0.2917131660201744,0.3643850030695688
chr12,108000000,108500000,AA,0.5280213368559984,0.5408930682484101
chr12,108500000,109000000,AA,0.4518285265031393,0.5675810746559666
chr12,109000000,109500000,AA,0.46651861248775,0.6411435605847097
chr12,109500000,110000000,AA,0.6138794372061296,0.637757264592657
chr12,110000000,110500000,AA,0.3926564616781733,0.4277010233868223
chr12,110500000,111000000,AA,0.5747095100814126,0.4102775237171909
chr12,111000000,111500000,AA,0.6317387249743502,0.3962733070799988
chr12,111500000,112000000,AA,0.5443411903310896,0.2227318323555747
chr12,112000000,112500000,AA,0.445863866258681,0.2170903443768585
chr12,112500000,113000000,AA,0.4779755779843696,0.3539503290784467
chr12,113000000,113500000,AA,0.4573307782810206,0.5099475722356257
chr12,113500000,114000000,AA,0.5492577671775247,0.6021269563343679
chr12,114000000,114500000,AA,0.5072560696163081,0.5635278769239208
chr12,114500000,115000000,AA,0.4572673924850275,0.3205460163758166
chr12,115000000,115500000,AA,0.3902377740894301,0.294077474378896
chr12,115500000,116000000,AA,0.2668807106799579,0.276580908766609
chr12,116000000,116500000,AA,0.4020441896336436,0.2195210859394089
chr12,116500000,117000000,AA,0.4186913587414831,0.2690123681577195
chr12,117000000,117500000,AA,0.5054612829590294,0.442119881840766
chr12,117500000,118000000,AA,0.4733749889267372,0.436783735408458
chr12,118000000,118500000,AA,0.3954090186865854,0.3267702968526152
chr12,118500000,119000000,AA,0.450001324401631,0.3741937270331006
chr12,119000000,119500000,AA,0.5552484271145567,0.4214629282778443
chr12,119500000,120000000,AA,0.5929661353354017,0.4390814972075713
chr12,120000000,120500000,AA,0.6224925699967453,0.5318460476864166
chr12,120500000,121000000,AA,0.5965108588660921,0.5796082307205003
chr12,121000000,121500000,AA,0.4846830395657607,0.6046415529185906
chr12,121500000,122000000,AA,0.5289293343912493,0.6208871520698213
chr12,122000000,122500000,AA,0.5161132466170655,0.5906621046229821
chr12,122500000,123000000,AA,0.6503511951112221,0.433702441410828
chr12,123000000,123500000,AA,0.5184547674919625,0.7489268724933542
chr12,123500000,124000000,AA,0.5824696945543498,0.6977809439500737
chr12,124000000,124500000,AA,0.616609469796614,0.710311303063812
chr12,124500000,125000000,AA,0.6883016194422866,0.7064312240819864
chr12,125000000,125500000,AA,0.606958015861407,0.5661995461650395
chr12,125500000,126000000,AA,0.5012106966471025,0.5115919736622072
chr12,126000000,126500000,AA,0.3960748240817106,0.3792814548863502
chr12,126500000,127000000,AA,0.4523190385046426,0.4606908755607983
chr12,127000000,127500000,AA,0.5293550830717332,0.4888669441784827
chr12,127500000,128000000,AA,0.3721888102761838,0.4322617253755447
chr12,128000000,128500000,AA,0.5138904640074092,0.4077308201911268
chr12,128500000,129000000,AA,0.3729431474589108,0.3731239264271151
chr12,129000000,129500000,AA,0.4636220173802033,0.5446303089790825
chr12,129500000,130000000,AA,0.5408580765535268,0.5251907531986403
chr12,130000000,130500000,AA,0.5224485138551367,0.4123028735445963
chr12,130500000,131000000,AA,0.5537601169860727,0.5918123379612723
chr12,131000000,131500000,AA,0.5885151480360652,0.5687372606362774
chr12,131500000,132000000,AA,0.601028852492565,0.680549763400556
chr12,132500000,133000000,AA,0.7428008167409829,0.7356414974568638
chr13,19000000,19500000,AA,0.7461154898862601,0.5891450006857317
chr13,19500000,20000000,AA,0.6393211797648566,0.5418744160974904
chr13,20000000,20500000,AA,0.5558307108842447,0.4956519523898577
chr13,20500000,21000000,AA,0.5710089770327994,0.6455132376160675
chr13,21000000,21500000,AA,0.6900969216682794,0.5565137773555426
chr13,21500000,22000000,AA,0.6286685181053276,0.3295565995573913
chr13,22000000,22500000,AA,0.3616740424666445,0.3456161474045244
chr13,22500000,23000000,AA,0.3672202861124324,0.2802345192677583
chr13,23000000,23500000,AA,0.3328460627583254,0.4366110246513291
chr13,23500000,24000000,AA,0.5363581124121943,0.4770775831016315
chr13,24000000,24500000,AA,0.5359046859406242,0.5696849829501048
chr13,24500000,25000000,AA,0.6431171506807124,0.6692184499194248
chr13,25000000,25500000,AA,0.6259976886438928,0.5658089670265132
chr13,25500000,26000000,AA,0.3265546974312722,0.3841623431087348
chr13,26000000,26500000,AA,0.4001318299915076,0.3213468386357174
chr13,26500000,27000000,AA,0.2277828732170743,0.3789001288349648
chr13,27000000,27500000,AA,0.1614833604392324,0.3959618129353415
chr13,27500000,28000000,AA,0.0889879876655588,0.20201667270878
chr13,28000000,28500000,AA,0.1646214958674043,0.1828123187642635
chr13,28500000,29000000,AA,0.097621730430416,0.1276039069313529
chr13,29000000,29500000,BA,-0.0713351135251159,0.1942950542998023
chr13,29500000,30000000,AA,0.2871317109684949,0.2905279762718609
chr13,30000000,30500000,AA,0.3018111230546022,0.2696843111071952
chr13,30500000,31000000,AA,0.2566905270811084,0.3469392221071513
chr13,31000000,31500000,AA,0.1541820685627104,0.2589158814811957
chr13,31500000,32000000,BB,-0.1679944093210015,-0.1078876533682081
chr13,32000000,32500000,BB,-0.1774079270983389,-0.2906825796022576
chr13,32500000,33000000,BB,-0.3093152410277329,-0.2571906540470162
chr13,33000000,33500000,BB,-0.1471458285605796,-0.042346872640611
chr13,33500000,34000000,BB,-0.296533735185975,-0.2850678813233075
chr13,34000000,34500000,BB,-0.4173783223752448,-0.2928489068458003
chr13,34500000,35000000,BB,-0.8085959442136468,-0.4596677048029314
chr13,35000000,35500000,BB,-0.7865877513878403,-0.5764957869376677
chr13,35500000,36000000,BB,-0.5355026868302621,-0.3473330445271321
chr13,36000000,36500000,BA,-0.2671927737520845,0.0447989971830571
chr13,36500000,37000000,BB,-0.1620512368316712,-0.0427533853177217
chr13,37000000,37500000,BB,-0.5797149258324841,-0.5180932027736584
chr13,37500000,38000000,BB,-0.8039142620735774,-0.8912833171481809
chr13,38000000,38500000,BB,-0.9017631248435772,-0.9332059689353752
chr13,38500000,39000000,BB,-0.941424081488483,-0.9105419061782328
chr13,39000000,39500000,BB,-0.7443053036763219,-0.9051501163774444
chr13,39500000,40000000,BB,-0.6491043820049697,-0.7882646226707056
chr13,40000000,40500000,BB,-0.1584559784629139,-0.3180325570832697
chr13,40500000,41000000,BB,-0.0278671638929246,-0.2566930737740873
chr13,41000000,41500000,BB,-0.0710502719373013,-0.191942098619553
chr13,41500000,42000000,BB,-0.4246748190913504,-0.4623813033389478
chr13,42000000,42500000,BB,-0.3898714449104287,-0.6165654564316801
chr13,42500000,43000000,BB,-0.2100901763992572,-0.3507380462187064
chr13,43000000,43500000,BB,-0.1026920882906843,-0.1926370149680118
chr13,43500000,44000000,BB,-0.1498277904814031,-0.1995652453238448
chr13,44000000,44500000,AB,0.0499839526383532,-0.0217814180413446
chr13,44500000,45000000,AA,0.0545888050665663,0.1964131972741781
chr13,45000000,45500000,AA,0.3056703723988692,0.2608371481634196
chr13,45500000,46000000,AA,0.3928580658089668,0.1995422230403727
chr13,46000000,46500000,AA,0.2689636128776516,0.1344017204912959
chr13,46500000,47000000,AA,0.025067520579376,0.110296119106427
chr13,47000000,47500000,AB,0.0319850107053927,-0.1094209276468418
chr13,47500000,48000000,AA,0.1209889122945853,0.1645634021582012
chr13,48000000,48500000,AA,0.0876643739780489,0.2803311396173401
chr13,48500000,49000000,AA,0.1167151395667091,0.0419748913503357
chr13,49000000,49500000,AA,0.2950855957445933,0.3195950391419411
chr13,49500000,50000000,AA,0.3582133023748189,0.372042171894367
chr13,50000000,50500000,AA,0.1634233849090823,0.1923912363194356
chr13,50500000,51000000,AA,0.1512504844077159,0.0240852221812282
chr13,51000000,51500000,AA,0.1536861107412374,0.1430659338416491
chr13,51500000,52000000,AA,0.3608857551089821,0.3295424499041482
chr13,52000000,52500000,AA,0.3537000992581275,0.1504759543583639
chr13,52500000,53000000,AB,0.1394050345900844,-0.0837386361977553
chr13,53000000,53500000,AB,0.0154139905385672,-0.0796897784413548
chr13,53500000,54000000,BB,-0.2908193887598969,-0.422301005214749
chr13,54000000,54500000,BB,-0.181080795721658,-0.7173038734498818
chr13,54500000,55000000,BB,-0.0862705529472722,-0.3476843664026294
chr13,55000000,55500000,BB,-0.0764849425116947,-0.5482934329785051
chr13,55500000,56000000,BB,-0.2361356813674248,-0.4584890093245646
chr13,56000000,56500000,BB,-0.1723384171394206,-0.3546843169494887
chr13,56500000,57000000,BB,-0.0056420049732824,-0.6192982307209213
chr13,57500000,58000000,BB,-0.0796322961168733,-0.5672335518395027
chr13,58000000,58500000,AB,0.0161391760016388,-0.3306219825373691
chr13,58500000,59000000,AB,0.0997226401562094,-0.2639848228968802
chr13,59000000,59500000,AB,0.1150546146330239,-0.1536388502470792
chr13,59500000,60000000,AA,0.2301796462138559,0.0420860175229722
chr13,60000000,60500000,AA,0.2826308499378577,0.0644171542522946
chr13,60500000,61000000,AA,0.3850534231247339,0.2091337014732211
chr13,61000000,61500000,AA,0.2103363860909107,0.0167634209619245
chr13,61500000,62000000,BB,-0.0018268684896014,-0.2115950688241342
chr13,62000000,62500000,BB,-0.0469959641668527,-0.2264494467505667
chr13,62500000,63000000,BB,-0.011997877487413,-0.1451812674405338
chr13,63000000,63500000,AB,0.0779426442417376,-0.2383491909368628
chr13,64000000,64500000,BB,-0.0536755161148479,-0.0568875062848219
chr13,64500000,65000000,BB,-0.3173095300783957,-0.300529477781126
chr13,65000000,65500000,BB,-0.1175011271316789,-0.2461577322883285
chr13,65500000,66000000,AB,0.0430733616361677,-0.3126465046091515
chr13,66000000,66500000,AB,0.1042830200068118,-0.3194492416010701
chr13,66500000,67000000,BB,-0.0786990125890719,-0.161887313861168
chr13,67000000,67500000,BB,-0.2299837138452571,-0.1119531037546248
chr13,67500000,68000000,BB,-0.2761810552354437,-0.2149679670588248
chr13,68000000,68500000,BB,-0.2426037282054314,-0.2602079774902567
chr13,68500000,69000000,BB,-0.1861712343356507,-0.305855889012266
chr13,69000000,69500000,BB,-0.201486224118821,-0.289132351025945
chr13,69500000,70000000,BB,-0.2768177826114856,-0.3991167778211204
chr13,70000000,70500000,BB,-0.4210551990495876,-0.5722798283851916
chr13,70500000,71000000,BB,-0.4007652620863152,-0.4815388128750137
chr13,71000000,71500000,BB,-0.4891022371894854,-0.452005168848857
chr13,71500000,72000000,BB,-0.4044654988838376,-0.411507483814154
chr13,72000000,72500000,BB,-0.3823035824256212,-0.2907771126894623
chr13,72500000,73000000,BB,-0.1090343640255352,-0.1577560680513383
chr13,73000000,73500000,BB,-0.0736777394109288,-0.1176954873412253
chr13,73500000,74000000,BB,-0.2037223166845458,-0.4931313358413005
chr13,74000000,74500000,BB,-0.2852240270065523,-0.4844685545096462
chr13,74500000,75000000,BB,-0.3570589718009621,-0.3175985827859895
chr13,75000000,75500000,BB,-0.3535503256602437,-0.2309211150006028
chr13,75500000,76000000,BB,-0.500955593400663,-0.2604746594210786
chr13,76000000,76500000,BB,-0.3408344064051611,-0.1483380804632288
chr13,76500000,77000000,BA,-0.0104302152645795,0.1830869284372175
chr13,77000000,77500000,BA,-0.0989910288204143,0.07994416395583
chr13,77500000,78000000,BB,-0.2742943882776097,-0.0366006313169638
chr13,78000000,78500000,BB,-0.3505597540470678,-0.2098770367571941
chr13,78500000,79000000,BB,-0.2924440799959532,-0.0968110266318026
chr13,79000000,79500000,BA,-0.1769792764313499,0.0878188719077454
chr13,79500000,80000000,AA,0.0445677500757469,0.1935164950549528
chr13,80000000,80500000,BB,-0.2903312785215707,-0.0456299676792075
chr13,80500000,81000000,BB,-0.374057082218351,-0.3346184289711479
chr13,81000000,81500000,BB,-0.5725672563568404,-0.3457382057367251
chr13,81500000,82000000,BB,-0.4090361606146347,-0.4301578910836144
chr13,82000000,82500000,BB,-0.6057016647280404,-0.2088846581113413
chr13,82500000,83000000,BB,-0.5327726240916123,-0.3637722280204614
chr13,83000000,83500000,BB,-0.5025681174910094,-0.4118724675442137
chr13,83500000,84000000,BB,-0.6144916711853117,-0.3451395231223159
chr13,84000000,84500000,BB,-0.5668825213215323,-0.4890998071777629
chr13,84500000,85000000,BB,-0.5569878123304003,-0.3968814345406926
chr13,85000000,85500000,BB,-0.5227174892658915,-0.2296300302586252
chr13,85500000,86000000,BB,-0.3258818269258663,-0.1134766786857625
chr13,86500000,87000000,BB,-0.5732065301456263,-0.4313600267174055
chr13,87000000,87500000,BB,-0.50914938695884,-0.4955290438355575
chr13,87500000,88000000,BB,-0.5641916266112375,-0.3960354218155999
chr13,88000000,88500000,BB,-0.6776726884453408,-0.6288948557542267
chr13,88500000,89000000,BB,-0.6819822270185394,-0.6156149949649266
chr13,89000000,89500000,BB,-0.6230605908210265,-0.5941337324895493
chr13,89500000,90000000,BB,-0.5901700141861235,-0.1714205480538611
chr13,90000000,90500000,BB,-0.5200649751508906,-0.292175168001365
chr13,90500000,91000000,BB,-0.5233760509624432,-0.4512548715690213
chr13,91000000,91500000,BB,-0.4675490197470106,-0.2871637680176898
chr13,91500000,92000000,BB,-0.4143564835675036,-0.3010536809487388
chr13,92000000,92500000,BB,-0.510520124948973,-0.3126503711315031
chr13,92500000,93000000,BB,-0.5694462326159673,-0.2075447660899558
chr13,93000000,93500000,BB,-0.4482027594748723,-0.057606472453178
chr13,93500000,94000000,BB,-0.6624469707486947,-0.1453855365259727
chr13,94000000,94500000,BB,-0.403528995379024,-0.0643813486851536
chr13,94500000,95000000,BA,-0.30190285617921,0.116319299256232
chr13,95000000,95500000,BA,-0.1280425644544611,0.1924715603882482
chr13,95500000,96000000,BA,-0.0893002274610505,0.2385417167054572
chr13,96000000,96500000,BA,-0.2260210547174828,0.0745625884405987
chr13,96500000,97000000,BB,-0.2719886033854554,-0.1419687345897846
chr13,97000000,97500000,BA,-0.0830310300247767,0.0909689125350802
chr13,97500000,98000000,BA,-0.0189188040392023,0.2092982166265444
chr13,98000000,98500000,AA,0.2314484240050106,0.2478989222457038
chr13,98500000,99000000,BA,-0.0109255841503809,0.189062553512469
chr13,99000000,99500000,AA,0.0073506324825813,0.3073066011120259
chr13,99500000,100000000,BA,-0.1486181749816663,0.1787890177369915
chr13,100000000,100500000,BA,-0.3555744000880264,0.0832103089435793
chr13,100500000,101000000,BA,-0.1489042830985945,0.0647122534446069
chr13,101000000,101500000,BB,-0.4824636330786407,-0.2815855013438547
chr13,101500000,102000000,BB,-0.4723728762390604,-0.077781244275388
chr13,102000000,102500000,BA,-0.1048242264228219,0.1610807242445615
chr13,102500000,103000000,BA,-0.1928991458907167,0.1389395466911525
chr13,103000000,103500000,BB,-0.5607622573232356,-0.4872992159094997
chr13,103500000,104000000,BB,-0.7244217420061975,-0.5979150657699189
chr13,104000000,104500000,BB,-0.7859690948326356,-0.7189784835845617
chr13,104500000,105000000,BB,-0.6868744836342477,-0.4991029385679907
chr13,105000000,105500000,BB,-0.6884775951574149,-0.6231911600464864
chr13,105500000,106000000,BB,-0.5972837403359246,-0.5431296362652919
chr13,106000000,106500000,BB,-0.4124028616131485,-0.3865441480728474
chr13,106500000,107000000,BB,-0.3937559107004961,-0.2800586585344732
chr13,107000000,107500000,BB,-0.5539516203757526,-0.3980460361350934
chr13,107500000,108000000,BB,-0.655126160307155,-0.5483723659272443
chr13,108000000,108500000,BB,-0.670776185644337,-0.6295524146994937
chr13,108500000,109000000,BB,-0.6393184275351699,-0.3603546978730849
chr13,109000000,109500000,BB,-0.3703870070202426,-0.0728708407839213
chr13,109500000,110000000,BA,-0.2808002125149674,0.0753982784977527
chr13,110000000,110500000,BA,-0.0128166548667467,0.1818851306209035
chr13,110500000,111000000,AA,0.1318500194087987,0.38590289806009
chr13,111000000,111500000,BA,-0.0643145577240355,0.3926064580336501
chr13,112000000,112500000,AA,0.0705852467458365,0.3371251491955847
chr13,112500000,113000000,AA,0.0903238060419514,0.3279394714053243
chr13,113000000,113500000,AA,0.0963116919777333,0.3827346219838045
chr14,20000000,20500000,AB,0.1017455999338694,-0.1201198368872656
chr14,20500000,21000000,AA,0.3098404115329466,0.2554841161430988
chr14,21000000,21500000,AA,0.2222328450261991,0.2270037206663998
chr14,21500000,22000000,AB,0.0981177757128364,-0.0841664470812273
chr14,22000000,22500000,BA,-0.0738138224087902,0.0227142285473687
chr14,22500000,23000000,AA,0.3015726770409475,0.3062713971978005
chr14,23000000,23500000,AA,0.3785264199645413,0.4139530124087572
chr14,23500000,24000000,AA,0.174993174736338,0.1374032387721578
chr14,24000000,24500000,AA,0.2810017625197141,0.2096487023237144
chr14,24500000,25000000,BB,-0.2464879491160607,-0.2681894726307977
chr14,25000000,25500000,BB,-0.5369795158086347,-0.3702711056465281
chr14,25500000,26000000,BB,-0.6812001551386239,-0.5889992448688456
chr14,26000000,26500000,BB,-0.6418295759342024,-0.6949303274963553
chr14,26500000,27000000,BB,-0.6940241570837382,-0.6617189468716894
chr14,27000000,27500000,BB,-0.5853155812168332,-0.6956423648208931
chr14,27500000,28000000,BB,-0.778722711397463,-0.716699035439232
chr14,28000000,28500000,BB,-0.7930639192520166,-0.6863695589716452
chr14,28500000,29000000,BB,-0.5812921677637896,-0.6337887436675704
chr14,29000000,29500000,BB,-0.55630731552731,-0.6847944290533937
chr14,29500000,30000000,BB,-0.4498880778981663,-0.6629466378759246
chr14,30000000,30500000,BB,-0.1888780328003217,-0.556590463159212
chr14,30500000,31000000,AB,0.0343672656689304,-0.1789436832283032
chr14,31000000,31500000,BB,-0.1102665664862279,-0.2064325819976252
chr14,31500000,32000000,BB,-0.023558972129247,-0.0998218710480242
chr14,32000000,32500000,BB,-0.1673676577124047,-0.4296855816024963
chr14,32500000,33000000,BB,-0.3952700426649594,-0.3880523184627846
chr14,33000000,33500000,BB,-0.4998102641725975,-0.3605303524707653
chr14,33500000,34000000,BB,-0.2668084993494943,-0.312514862681561
chr14,34000000,34500000,BB,-0.2333241512736859,-0.2671969581736891
chr14,34500000,35000000,AA,0.1744712858910561,0.2259789573325638
chr14,35000000,35500000,BB,-0.0409404354665679,-0.0072642106119263
chr14,35500000,36000000,BB,-0.4736540512111466,-0.3890463267642525
chr14,36000000,36500000,BB,-0.523682951541047,-0.4189260901752857
chr14,36500000,37000000,BB,-0.6352491358337187,-0.6563857594867092
chr14,37000000,37500000,BB,-0.6893487027246682,-0.5491953006890887
chr14,37500000,38000000,BB,-0.4754086659980062,-0.4435557071008636
chr14,38000000,38500000,BB,-0.4632064224989208,-0.5283566212771227
chr14,38500000,39000000,BB,-0.3831055380542165,-0.4864541651042101
chr14,39000000,39500000,BB,-0.0259937009111993,-0.0988678426433377
chr14,39500000,40000000,BB,-0.0833477787173509,-0.2362049694625383
chr14,40000000,40500000,BB,-0.3339744779312303,-0.4878088600083957
chr14,40500000,41000000,BB,-0.4119777329016711,-0.5374858925177639
chr14,41000000,41500000,BB,-0.7430843222719882,-0.7993707101179887
chr14,41500000,42000000,BB,-0.757626553866858,-0.789744848204394
chr14,42000000,42500000,BB,-0.7063509500682349,-0.7816892744084879
chr14,42500000,43000000,BB,-0.7522423733854596,-0.8756841241891581
chr14,43000000,43500000,BB,-0.7184735597198371,-0.6883552435774634
chr14,43500000,44000000,BB,-0.6581089734732779,-0.7722860447847304
chr14,44000000,44500000,BB,-0.6966417672939407,-0.6889794143108947
chr14,44500000,45000000,BB,-0.4684815900159043,-0.4694369762962968
chr14,45000000,45500000,BB,-0.4130731385832528,-0.3830701148824256
chr14,45500000,46000000,BB,-0.6561103031648476,-0.6305966035616868
chr14,46000000,46500000,BB,-0.8369972916718225,-0.7510805833934153
chr14,46500000,47000000,BB,-0.7208120517031908,-0.7588733352887953
chr14,47000000,47500000,BB,-0.8865514851926953,-0.705222624268526
chr14,47500000,48000000,BB,-0.8204361754423017,-0.7397384193338175
chr14,48000000,48500000,BB,-0.8595053862214742,-0.6931999516905106
chr14,48500000,49000000,BB,-0.9133183485606406,-0.7532963026180561
chr14,49000000,49500000,BB,-0.6218492820026431,-0.4161342240613402
chr14,49500000,50000000,BB,-0.487434720373835,-0.1010926046875307
chr14,50000000,50500000,BB,-0.3059188933948014,-0.0370821732594292
chr14,50500000,51000000,BB,-0.3388084518576699,-0.2053347098862232
chr14,51000000,51500000,BB,-0.307354063957836,-0.2938709507703572
chr14,51500000,52000000,BB,-0.0663073231795104,-0.1507415818948089
chr14,52000000,52500000,BB,-0.2363663470426435,-0.1712390954721042
chr14,52500000,53000000,BB,-0.1663982751454913,-0.1921442660742367
chr14,53000000,53500000,AB,0.0044576009734375,-0.0049447534685406
chr14,53500000,54000000,BB,-0.2036572518078596,-0.4285020121705959
chr14,54000000,54500000,BB,-0.2258906169403412,-0.2911014830851774
chr14,54500000,55000000,BB,-0.0457224745578565,-0.0984743281838051
chr14,55000000,55500000,BA,-0.0223281401229509,0.0025844054396287
chr14,55500000,56000000,BB,-0.2558294471456134,-0.1190143252808011
chr14,56000000,56500000,BB,-0.2296107269817082,-0.1125676084505605
chr14,56500000,57000000,BB,-0.1018554146222858,-0.1403024180377311
chr14,57000000,57500000,BB,-0.1336804484059892,-0.1851568705370143
chr14,57500000,58000000,BB,-0.0989555907385655,-0.188415778688885
chr14,58000000,58500000,AB,0.024181537249963,-0.0142816879613372
chr14,58500000,59000000,AB,0.0922485467451401,-0.0378565087947596
chr14,59000000,59500000,AA,0.1756132343005907,0.0453353662162208
chr14,59500000,60000000,AA,0.1294786080996303,0.0594014476246499
chr14,60000000,60500000,AA,0.238574411013038,0.1440859091893184
chr14,60500000,61000000,AA,0.0558375471456187,0.0520552892495031
chr14,61000000,61500000,AA,0.1559928573807233,0.1116204945911951
chr14,61500000,62000000,AA,0.1806907436557533,0.2000380078047927
chr14,62000000,62500000,AA,0.0421729572793007,0.1262457429775909
chr14,62500000,63000000,BB,-0.0767256197752349,-0.0084212360967397
chr14,63000000,63500000,AA,0.0461890819375913,0.1208249061575601
chr14,63500000,64000000,AA,0.1072201405837971,0.0723002007812579
chr14,64000000,64500000,AA,0.0918815517961087,0.2052588951153821
chr14,64500000,65000000,AA,0.2447701461805094,0.3012994827239914
chr14,65000000,65500000,AA,0.1102175662650863,0.2333061311159767
chr14,65500000,66000000,AA,0.0967471822947139,0.1996446003780776
chr14,66000000,66500000,AA,0.1459572271257936,0.1551458779905903
chr14,66500000,67000000,BA,-0.043534015236666,0.0678153055668861
chr14,67000000,67500000,AA,0.1687606108971556,0.2490548633494964
chr14,67500000,68000000,AA,0.0874147698300952,0.2311675638431744
chr14,68000000,68500000,BA,-0.0668817538853955,0.3260420600438133
chr14,68500000,69000000,AA,0.3836061763302139,0.5153458299275234
chr14,69000000,69500000,AA,0.3787229114960992,0.4496029936857554
chr14,69500000,70000000,AA,0.5279527438999293,0.4956986564657075
chr14,70000000,70500000,AA,0.4254852312092075,0.4350616890136269
chr14,70500000,71000000,AA,0.455575606672561,0.5579391819697316
chr14,71000000,71500000,AA,0.3579124064501025,0.5126610753659006
chr14,71500000,72000000,AA,0.4151290296226749,0.4401056025998761
chr14,72000000,72500000,AA,0.5167524692315483,0.5469043284138968
chr14,72500000,73000000,AA,0.6446923064707009,0.6316318306429106
chr14,73000000,73500000,AA,0.5618691315676076,0.3773682780659187
chr14,73500000,74000000,AA,0.615107837443745,0.5037794773157267
chr14,74000000,74500000,AA,0.59705263360359,0.6308989766819623
chr14,74500000,75000000,AA,0.5003869619370762,0.5238224472197462
chr14,75000000,75500000,AA,0.4810150887054026,0.4514381880741087
chr14,75500000,76000000,AA,0.4337131497774669,0.3979187962600212
chr14,76000000,76500000,AA,0.4871084967171337,0.3360068790118937
chr14,76500000,77000000,AA,0.4190984400153446,0.3972415816628803
chr14,77000000,77500000,AA,0.3651291334103829,0.1752641815179519
chr14,77500000,78000000,AA,0.0534934538064637,0.0348113868769457
chr14,78000000,78500000,BB,-0.1706536304793698,-0.1224656065759225
chr14,78500000,79000000,BB,-0.3503326476244272,-0.2744518912761174
chr14,79000000,79500000,BB,-0.5589809740941832,-0.411038008457732
chr14,79500000,80000000,BB,-0.5336132502030223,-0.5323882941341344
chr14,80000000,80500000,BB,-0.6070100719479875,-0.4647790265391676
chr14,80500000,81000000,BB,-0.5710513167854606,-0.5985868051549386
chr14,81000000,81500000,BB,-0.4517997594349623,-0.4646873753732443
chr14,81500000,82000000,BB,-0.3804089629818023,-0.4458705965746913
chr14,82000000,82500000,BB,-0.6232440942340792,-0.6340614380950726
chr14,82500000,83000000,BB,-0.8804613214310395,-0.9557568913880888
chr14,83000000,83500000,BB,-0.9099312873269986,-0.968770820749653
chr14,83500000,84000000,BB,-0.8187064310705368,-1.0012820418044113
chr14,84000000,84500000,BB,-0.8289323304860158,-0.7751601713353357
chr14,84500000,85000000,BB,-0.7473253619613799,-0.7748262707788932
chr14,85000000,85500000,BB,-0.6816481105318787,-0.7722512994319997
chr14,85500000,86000000,BB,-0.6434552394643052,-0.7334233352793929
chr14,86000000,86500000,BB,-0.8761040114794976,-0.7882901644101955
chr14,86500000,87000000,BB,-0.9077339566057452,-0.8399199308267925
chr14,87000000,87500000,BB,-0.9119228523998252,-0.8369103527221761
chr14,87500000,88000000,BB,-0.4355998006917871,-0.4589555353001582
chr14,88000000,88500000,BB,-0.2125613604440795,-0.2287524222544624
chr14,88500000,89000000,BB,-0.2628072844731696,-0.2811135333633937
chr14,89000000,89500000,AA,0.0433479365043744,0.0774081880132603
chr14,89500000,90000000,AA,0.1015110824690975,0.1541946741555502
chr14,90000000,90500000,AA,0.2051047886063895,0.2511361024625125
chr14,90500000,91000000,AA,0.202132223855755,0.1278826813794129
chr14,91000000,91500000,AA,0.2243078578583934,0.2706624943343704
chr14,91500000,92000000,AA,0.2172515227079807,0.1208233122713124
chr14,92000000,92500000,AA,0.1988114210113366,0.2779010452618116
chr14,92500000,93000000,AA,0.4066880714170377,0.4592900957279747
chr14,93000000,93500000,AA,0.4701877008926743,0.32883912950634
chr14,93500000,94000000,AA,0.4468241485229623,0.4267519495991885
chr14,94000000,94500000,AA,0.4430930371745321,0.3054678721566525
chr14,94500000,95000000,AA,0.5443746370404747,0.4024960512064477
chr14,95000000,95500000,AA,0.4283281590976283,0.4875407404964063
chr14,95500000,96000000,AA,0.5132413777895324,0.4301467170140448
chr14,96000000,96500000,AA,0.556684964512215,0.4148648192042542
chr14,96500000,97000000,AA,0.4207061876269097,0.3579666408842295
chr14,97000000,97500000,AA,0.5060085938102076,0.4080757866735139
chr14,97500000,98000000,AA,0.3742014629523382,0.3817243541145376
chr14,98000000,98500000,AA,0.3885617485107886,0.3345048441161227
chr14,98500000,99000000,AA,0.3985638906462339,0.3808762563583097
chr14,99000000,99500000,AA,0.5924626895302059,0.4940843499538733
chr14,99500000,100000000,AA,0.6309690702989887,0.5937241106362512
chr14,100000000,100500000,AA,0.6069385031271449,0.6067238898268995
chr14,100500000,101000000,AA,0.6349982987758302,0.6318679062910811
chr14,101000000,101500000,AA,0.5835982721444543,0.470931574838917
chr14,101500000,102000000,AA,0.4258060378628824,0.5331367697920218
chr14,102000000,102500000,AA,0.6400180005595458,0.5957194601216295
chr14,102500000,103000000,AA,0.5208278473170952,0.6616268437602614
chr14,103000000,103500000,AA,0.5399684390245533,0.7348748893970748
chr14,103500000,104000000,AA,0.5035083018049095,0.7958888752444145
chr14,106000000,106500000,AA,0.518765791395031,0.5978181161096735
chr15,23500000,24000000,AA,0.1096528075587211,0.1263994516751738
chr15,24000000,24500000,AA,0.1895126033125865,0.0740367683164475
chr15,24500000,25000000,AB,0.185129812047506,-0.0355597066399964
chr15,25000000,25500000,AA,0.1900183787281195,0.1084290506927427
chr15,25500000,26000000,AB,0.1609958498469329,-0.0433806494604342
chr15,26000000,26500000,AA,0.184171817822933,0.1806043663574459
chr15,26500000,27000000,AA,0.263943789855063,0.0481545803903947
chr15,27000000,27500000,AA,0.2795209874756441,0.083733772215016
chr15,27500000,28000000,AA,0.4416392316772536,0.1360806202307237
chr15,29000000,29500000,AA,0.6289882062715225,0.4917240582265846
chr15,29500000,30000000,AA,0.604034474469074,0.5883742885924822
chr15,31000000,31500000,AA,0.7120508470689977,0.7897986276411745
chr15,31500000,32000000,AA,0.6141821543682965,0.7249097625074874
chr15,32500000,33000000,AA,0.6375412299883406,0.5768397193123932
chr15,33000000,33500000,AA,0.6112507476580424,0.6508786706392025
chr15,33500000,34000000,AA,0.5906773537082521,0.6563691116854528
chr15,34000000,34500000,AA,0.51593244325949,0.3953381617354045
chr15,34500000,35000000,AA,0.3633399159004132,0.4077246884821894
chr15,35000000,35500000,AA,0.1247467811040881,0.1244068047781013
chr15,35500000,36000000,AA,0.0194402518505861,0.1074460591478816
chr15,36000000,36500000,AA,0.003162341424778,0.2030515108317789
chr15,36500000,37000000,BA,-0.1417708845872309,0.1789974641224462
chr15,37000000,37500000,BA,-0.0744192365185083,0.1377703364300067
chr15,37500000,38000000,BA,-0.1824879959899295,0.183230664688809
chr15,38000000,38500000,AA,0.0716060399936649,0.2934840210283101
chr15,38500000,39000000,AA,0.2083633868427415,0.4168387874660227
chr15,39000000,39500000,AA,0.3275339535357716,0.5521183884966254
chr15,39500000,40000000,AA,0.5576093304977168,0.6087101219878492
chr15,40000000,40500000,AA,0.6528508446287256,0.861654014459893
chr15,40500000,41000000,AA,0.6759212157116465,0.8286912327006357
chr15,41000000,41500000,AA,0.8864717853113331,0.7412221008792087
chr15,41500000,42000000,AA,0.8806620349201246,0.8484909634552352
chr15,42000000,42500000,AA,0.7558042883342517,0.6602527015723666
chr15,42500000,43000000,AA,0.7519335817996018,0.5763281835621225
chr15,43000000,43500000,AA,0.6447554411181604,0.564438806334277
chr15,43500000,44000000,AA,0.6013968955454857,0.6826127595307961
chr15,44000000,44500000,AA,0.4911133292987898,0.5139984809535416
chr15,44500000,45000000,AA,0.3833783635528664,0.3843656408182139
chr15,45000000,45500000,AA,0.2610881319633839,0.2258172327291802
chr15,45500000,46000000,AA,0.104654138311749,0.1308006689633188
chr15,46000000,46500000,BB,-0.1736709110779798,-0.1810755416674862
chr15,46500000,47000000,BB,-0.280621946764162,-0.2990220188903649
chr15,47000000,47500000,BB,-0.3343510797838276,-0.2856865688696486
chr15,47500000,48000000,BB,-0.3204278440192355,-0.3240418010710244
chr15,48000000,48500000,BB,-0.1259717769136488,-0.270451324502602
chr15,48500000,49000000,BB,-0.001453387912489,-0.0417475310674013
chr15,49000000,49500000,BB,-0.3666423663722565,-0.2163499163892293
chr15,49500000,50000000,BB,-0.2310610337090256,-0.3318217096342334
chr15,50000000,50500000,BB,-0.1153998182136549,-0.2891982074081159
chr15,50500000,51000000,BB,-0.3795000655854192,-0.3228442835896213
chr15,51000000,51500000,BB,-0.1990037556435488,-0.166325788972551
chr15,51500000,52000000,BB,-0.1158465963891046,-0.0912958638296732
chr15,52000000,52500000,BB,-0.182133608797035,-0.1118248549203933
chr15,52500000,53000000,BB,-0.4461017447159507,-0.2179004740398811
chr15,53000000,53500000,BB,-0.5285996997893078,-0.4923997011417704
chr15,53500000,54000000,BB,-0.5713459198426423,-0.5716366590316718
chr15,54000000,54500000,BB,-0.6702629405489346,-0.5595328694668976
chr15,54500000,55000000,BB,-0.6016795807236365,-0.3983156360091062
chr15,55000000,55500000,BB,-0.46622511321904,-0.2595263016129701
chr15,55500000,56000000,BB,-0.567563657759949,-0.4403983077825187
chr15,56000000,56500000,BB,-0.4596429187627866,-0.3569718366806818
chr15,56500000,57000000,BB,-0.3119844542073381,-0.2815411835046889
chr15,57000000,57500000,BB,-0.1456140869558868,-0.0552459292871797
chr15,57500000,58000000,BB,-0.0250224951116763,-0.0677734598495055
chr15,58000000,58500000,BA,-0.1082716819636854,0.0018491060623857
chr15,58500000,59000000,AA,0.0771393623582705,0.1238349268901368
chr15,59000000,59500000,AA,0.1028778582139869,0.1495113710758289
chr15,59500000,60000000,BB,-0.1108535826914739,-0.065461635829688
chr15,60000000,60500000,BB,-0.1574777015747568,-0.0230357257336551
chr15,60500000,61000000,BA,-0.01563346965092,0.0503158765181474
chr15,61000000,61500000,AB,0.0092607585105448,-0.0245050930899481
chr15,61500000,62000000,AA,0.0441939249502882,0.0301179900617882
chr15,62000000,62500000,AA,0.215878534039474,0.2241793317920907
chr15,62500000,63000000,AA,0.2926300238138073,0.1885185715039661
chr15,63000000,63500000,AA,0.3838970373443122,0.3942517218073683
chr15,63500000,64000000,AA,0.631254387847523,0.5061386338483307
chr15,64000000,64500000,AA,0.6434362406986455,0.5217179524687139
chr15,64500000,65000000,AA,0.6613021792999274,0.6007892698800439
chr15,65000000,65500000,AA,0.6436126278222655,0.489818981879059
chr15,65500000,66000000,AA,0.4882199327622071,0.4361601229209079
chr15,66000000,66500000,AA,0.5237164126566026,0.3717402570413459
chr15,66500000,67000000,AA,0.5266990105986943,0.588791337519686
chr15,67000000,67500000,AA,0.4578373344337882,0.3352512750087942
chr15,67500000,68000000,AA,0.527786233776135,0.424474979270334
chr15,68000000,68500000,AA,0.4285949272856649,0.4892988312146114
chr15,68500000,69000000,AA,0.489353570647169,0.6124893808611818
chr15,69000000,69500000,AA,0.560101331631488,0.3952096709975954
chr15,69500000,70000000,AA,0.5830813498699946,0.5479274924414271
chr15,70000000,70500000,AA,0.4868010246421463,0.3815470061207717
chr15,70500000,71000000,AA,0.2264433136296972,0.3409408361196446
chr15,71000000,71500000,AA,0.395288239487423,0.32218455606076
chr15,71500000,72000000,AA,0.5350985621314349,0.5390255482902119
chr15,72000000,72500000,AA,0.541820859527071,0.5543169780719792
chr15,72500000,73000000,AA,0.5844676389188869,0.5727900357817087
chr15,73000000,73500000,AA,0.4209355606539617,0.6156373771701582
chr15,73500000,74000000,AA,0.4474505253434455,0.5416653291020543
chr15,74000000,74500000,AA,0.4197066065271452,0.478608070077634
chr15,74500000,75000000,AA,0.543298652329464,0.4202951529422933
chr15,75000000,75500000,AA,0.3670665087125749,0.4534475498912894
chr15,75500000,76000000,AA,0.2674312435628554,0.6342910698410815
chr15,76000000,76500000,AA,0.3829026821600242,0.4988656726072699
chr15,76500000,77000000,AA,0.2664593316409593,0.3968036348768365
chr15,77000000,77500000,AA,0.1600719222511095,0.2643079977067615
chr15,77500000,78000000,AA,0.4123656691539769,0.3791460119118739
chr15,78000000,78500000,AA,0.4235221423149692,0.4281117331860616
chr15,78500000,79000000,AA,0.3003410602116724,0.3359566042365575
chr15,79000000,79500000,AA,0.2499439845386597,0.3768551670648351
chr15,79500000,80000000,AA,0.2529487178416362,0.2834219301088743
chr15,80000000,80500000,AA,0.4303067281644139,0.3453860882807943
chr15,80500000,81000000,AA,0.362518867819259,0.2614854359644786
chr15,81000000,81500000,AA,0.2997076110737661,0.0856105877131114
chr15,81500000,82000000,AA,0.2900820601726749,0.2841405271755084
chr15,82000000,82500000,AA,0.2814805309065507,0.4217822569073567
chr15,82500000,83000000,AA,0.3864140123645087,0.2109418495120896
chr15,83000000,83500000,AA,0.3735387004375158,0.182735084156685
chr15,83500000,84000000,AA,0.523229736775151,0.3214808414320002
chr15,84500000,85000000,AA,0.4868045690231676,0.462324434594115
chr15,85000000,85500000,AA,0.3742309618887633,0.290144647399947
chr15,85500000,86000000,AA,0.280511417249331,0.2953869355549348
chr15,86000000,86500000,AB,0.0933366444235745,-0.2053171874652985
chr15,86500000,87000000,AB,0.0327771674347679,-0.1305489776295871
chr15,87000000,87500000,BB,-0.0005789310829628,-0.1873854958388781
chr15,87500000,88000000,AA,0.204439385323478,0.006198192773022
chr15,88000000,88500000,AA,0.4823807567826309,0.310812312171455
chr15,88500000,89000000,AA,0.4139136494837766,0.1899677733497415
chr15,89000000,89500000,AA,0.4780671141205454,0.3191504486375783
chr15,89500000,90000000,AA,0.4692731937356055,0.4143442051147363
chr15,90000000,90500000,AA,0.2298919606421693,0.4598057722394625
chr15,90500000,91000000,AA,0.1254961288651035,0.2748291657181713
chr15,91000000,91500000,BB,-0.1392105212884292,-0.0612653529384171
chr15,91500000,92000000,BA,-0.0805471947288083,0.0013154984772423
chr15,92000000,92500000,BB,-0.088365461592987,-0.0230361053902865
chr15,92500000,93000000,AB,0.0911163350368857,-0.0280101089085173
chr15,93000000,93500000,BB,-0.0047692767274894,-0.1457540487467906
chr15,93500000,94000000,BB,-0.2491591777665566,-0.3994267101299635
chr15,94000000,94500000,BB,-0.5958991603220611,-0.4381966317223522
chr15,94500000,95000000,BB,-0.631151836518103,-0.4969578458436824
chr15,95000000,95500000,BB,-0.7546118390838649,-0.697280440005841
chr15,95500000,96000000,BB,-0.7163699477105726,-0.7174306595642381
chr15,96000000,96500000,BB,-0.6862973985640162,-0.7396782219332296
chr15,96500000,97000000,BB,-0.6594426120346162,-0.7088551640488812
chr15,97000000,97500000,BB,-0.5842812406194762,-0.6408359771985023
chr15,97500000,98000000,BB,-0.3177813812154771,-0.4222957250383793
chr15,98000000,98500000,BB,-0.0691582811975988,-0.2780747714229296
chr15,98500000,99000000,BB,-0.144282882696375,-0.089093522680187
chr15,99000000,99500000,AB,0.0018568281028392,-0.1344747727397635
chr15,99500000,100000000,BB,-0.0312900823710883,-0.0753212583237853
chr15,100000000,100500000,AA,0.1100605858295391,0.1757071654682532
chr15,100500000,101000000,BB,-0.0073879944316691,-0.0583656446561771
chr15,101000000,101500000,AA,0.1781697071657358,0.1093733305669875
chr16,3000000,3500000,AA,0.3728155258303089,0.2898347020210858
chr16,3500000,4000000,AA,0.5619948602510323,0.3119780072921361
chr16,4000000,4500000,AA,0.4466594077079373,0.1042751451785832
chr16,4500000,5000000,AA,0.1658461820697153,0.1752311595501641
chr16,5000000,5500000,AA,0.0589576937729927,0.0465891735854531
chr16,5500000,6000000,BB,-0.3219666771294098,-0.102126385216744
chr16,6000000,6500000,BB,-0.2034870416748785,-0.0564235008335417
chr16,6500000,7000000,BB,-0.2744086938205353,-0.2516544646317593
chr16,7000000,7500000,BB,-0.4400273828440009,-0.3417666633300841
chr16,7500000,8000000,BB,-0.2069059026182369,-0.4504202841314304
chr16,8000000,8500000,BB,-0.3045624094947646,-0.3132988953293443
chr16,8500000,9000000,BB,-0.2881973522972106,-0.4406345160940555
chr16,9000000,9500000,BB,-0.0615190986168253,-0.3913133472353893
chr16,9500000,10000000,AB,0.0048627741020285,-0.4161918169287562
chr16,10000000,10500000,BB,-0.0870268740280359,-0.3616840445864669
chr16,10500000,11000000,AB,0.0460585403156959,-0.3329743899265369
chr16,11000000,11500000,AB,0.1771884118115749,-0.3690770053263524
chr16,11500000,12000000,AB,0.1034850306600105,-0.1830342366247675
chr16,12000000,12500000,AB,0.1816633871951757,-0.3237041289717132
chr16,12500000,13000000,AB,0.34380250532999,-0.2052444676179736
chr16,13000000,13500000,AB,0.2165076741345032,-0.3499950393289919
chr16,13500000,14000000,AB,0.1681592330779348,-0.2188799902206537
chr16,14000000,14500000,AB,0.3064583644074703,-0.4061071244230724
chr16,15500000,16000000,AB,0.4238179811427106,-0.3349266459135689
chr16,17000000,17500000,AB,0.4882718908065376,-0.2896772452253697
chr16,17500000,18000000,AB,0.3855774318470111,-0.406421146058191
chr16,19000000,19500000,AB,0.3286471672705475,-0.3877053329845711
chr16,19500000,20000000,AB,0.3609332981423291,-0.211513265277149
chr16,20000000,20500000,AB,0.5455907736971125,-0.2023862614295717
chr16,20500000,21000000,AB,0.406681055033611,-0.2152044935750037
chr16,21000000,21500000,AB,0.2118293984890532,-0.3486577960388342
chr16,22000000,22500000,AB,0.2080872889931983,-0.2546454997598335
chr16,22500000,23000000,AB,0.2532969612517687,-0.3344100221595976
chr16,23000000,23500000,AB,0.2167252165650411,-0.3240689923644198
chr16,23500000,24000000,AB,0.1332237638595697,-0.2354232939182782
chr16,24000000,24500000,BB,-0.0244196065392077,-0.2637775159491055
chr16,24500000,25000000,AB,0.1536536670354368,-0.2267959672522421
chr16,25000000,25500000,AB,0.2009453413279624,-0.0698288291589215
chr16,25500000,26000000,BB,-0.0345580112655231,-0.0851517565437723
chr16,26000000,26500000,BA,-0.0031731075910791,0.1983642960992565
chr16,26500000,27000000,AA,0.1338260243924616,0.3551453948094292
chr16,27000000,27500000,AA,0.3578031334810655,0.1614725092400264
chr16,27500000,28000000,AA,0.4033451191216112,0.3630025823151552
chr16,30500000,31000000,AA,0.6347344534871769,0.5698967009691246
chr16,31000000,31500000,AA,0.6641461509529377,0.4830540558171339
chr16,46500000,47000000,AA,0.5851914739824357,0.4060253382087003
chr16,47000000,47500000,AA,0.5355309511442113,0.3913210811460406
chr16,47500000,48000000,AA,0.5460657179307568,0.4686214218324031
chr16,48000000,48500000,AA,0.6317457909366926,0.6504969350551394
chr16,48500000,49000000,AA,0.5436933930254254,0.5315778699775712
chr16,49000000,49500000,AA,0.5922061812530646,0.493056810659478
chr16,49500000,50000000,AA,0.6078968609418166,0.5577284537574986
chr16,50000000,50500000,AA,0.5348077201547661,0.4867797463312171
chr16,50500000,51000000,AA,0.4725341532951361,0.6150995478815209
chr16,51000000,51500000,AA,0.2960983446756285,0.463012066523179
chr16,51500000,52000000,AA,0.2082142155301885,0.3776536858322128
chr16,52000000,52500000,AA,0.0570201105636081,0.2605693134755902
chr16,52500000,53000000,AA,0.0614929018126633,0.2581153121687087
chr16,53000000,53500000,BA,-0.0792780184975015,0.2727202250794438
chr16,53500000,54000000,AA,0.0380925043218204,0.0639311885784415
chr16,54000000,54500000,AA,0.1067077832987227,0.2575314869526271
chr16,54500000,55000000,AA,0.1031257593885217,0.3036898056290468
chr16,55000000,55500000,AA,0.0714515134146381,0.1874987798577143
chr16,55500000,56000000,AA,0.0530873293944494,0.2175222880353701
chr16,56000000,56500000,AA,0.3118504736966749,0.4013450431814548
chr16,56500000,57000000,AA,0.3618935941558136,0.434429988909552
chr16,57000000,57500000,AA,0.4920848269885323,0.3957072937204531
chr16,57500000,58000000,AA,0.575111815840207,0.5956866608101179
chr16,58000000,58500000,AA,0.3924978642195221,0.3463613537029666
chr16,58500000,59000000,BA,-0.0210883810195562,0.0502579654188068
chr16,59000000,59500000,BB,-0.5901015634479587,-0.5374181542815174
chr16,59500000,60000000,BB,-0.7898860262660733,-0.7483073354779012
chr16,60000000,60500000,BB,-0.6217550264552623,-0.6479953126308625
chr16,60500000,61000000,BB,-0.7890547978138506,-0.7931248746382302
chr16,61000000,61500000,BB,-0.825133153625981,-0.8432531914978955
chr16,61500000,62000000,BB,-0.8081894830539673,-0.8022883475384053
chr16,62000000,62500000,BB,-0.8203033483543793,-0.7875586367743878
chr16,62500000,63000000,BB,-0.6976426983982312,-0.7367916716701526
chr16,63000000,63500000,BB,-0.8600475998375099,-0.8171732823733123
chr16,63500000,64000000,BB,-0.8182600606256546,-0.8184274859183944
chr16,64000000,64500000,BB,-0.8169353045531293,-0.7788061212349229
chr16,64500000,65000000,BB,-0.7763499717743992,-0.6412461668970368
chr16,65000000,65500000,BB,-0.5924913424927779,-0.5885682028515619
chr16,65500000,66000000,BB,-0.3177479467284747,-0.3509617715449714
chr16,66000000,66500000,AA,0.1094137055355939,0.1187030188313434
chr16,66500000,67000000,AA,0.1282364880140134,0.1122854461381582
chr16,67000000,67500000,AA,0.3468428214015065,0.3642914760477182
chr16,67500000,68000000,AA,0.5076289453098918,0.4555988171975709
chr16,68000000,68500000,AA,0.4683151346635326,0.4299356487445156
chr16,68500000,69000000,AA,0.4342680977671281,0.4028448214093375
chr16,69000000,69500000,AA,0.4916197097808422,0.463181508429235
chr16,69500000,70000000,AA,0.5419922435461481,0.5146329865704159
chr16,70000000,70500000,AA,0.6244475629416011,0.5690830602985372
chr16,70500000,71000000,AA,0.5861332052718479,0.5265112741461642
chr16,71000000,71500000,AA,0.2705710757702743,0.3178812211505262
chr16,71500000,72000000,AA,0.3391970338082979,0.2803431824453063
chr16,72000000,72500000,AA,0.1340868111304314,0.2177948118940146
chr16,72500000,73000000,AA,0.190393097423365,0.224650948550775
chr16,73000000,73500000,AA,0.2145900556436628,0.3684846456281925
chr16,73500000,74000000,AA,0.204964846744712,0.4391123982344825
chr16,74000000,74500000,AA,0.3762581885926392,0.4386793499899611
chr16,74500000,75000000,AA,0.2655072240468884,0.449575836715442
chr16,75000000,75500000,AA,0.2089697412913206,0.2585313664535672
chr16,75500000,76000000,BB,-0.1470487032841222,-0.0095911084690904
chr16,76000000,76500000,BB,-0.5536975507707822,-0.3142514004727629
chr16,76500000,77000000,BB,-0.5625085967650054,-0.2633452362956972
chr16,77000000,77500000,BB,-0.2929084988796897,-0.1643767638965928
chr16,77500000,78000000,BB,-0.0090148692154697,-0.0026856675289523
chr16,78000000,78500000,BA,-0.0227030950324452,0.0613726545305218
chr16,78500000,79000000,AA,0.0407549307884719,0.0939463829757099
chr16,79000000,79500000,AA,0.151991071124097,0.2202797364696313
chr16,79500000,80000000,AA,0.295295389528228,0.0933135654289203
chr16,80000000,80500000,AA,0.0767321025894159,0.0533665056433698
chr16,80500000,81000000,AA,0.2331982875723296,0.2189963383959119
chr16,81000000,81500000,AA,0.4345074361143478,0.359081550303387
chr16,81500000,82000000,AA,0.5117342337883342,0.533678257482896
chr16,82000000,82500000,AA,0.3596690497408423,0.2867224625591417
chr16,82500000,83000000,AA,0.3246949505990935,0.2712641984694307
chr16,83000000,83500000,AA,0.3990305627313692,0.3373683393440406
chr16,83500000,84000000,AA,0.4774055133016281,0.4150123487531291
chr16,84000000,84500000,AA,0.5047486305768305,0.5575132643902474
chr16,84500000,85000000,AA,0.3377832393948941,0.3576123290349062
chr16,85000000,85500000,AA,0.4637545190350161,0.4376391496711193
chr16,85500000,86000000,AA,0.4486947892314318,0.4904715584437445
chr16,86000000,86500000,AA,0.4266381132955087,0.4570437498764175
chr16,86500000,87000000,AA,0.5426576807434378,0.4983862789291204
chr16,87000000,87500000,AA,0.5017522659733289,0.4513352717795754
chr16,87500000,88000000,AA,0.4448277786451535,0.5633322441911158
chr17,500000,1000000,AA,0.2359893647036611,0.5541151482404557
chr17,1000000,1500000,AA,0.1950791472902484,0.4302501511067097
chr17,1500000,2000000,AA,0.129486856059636,0.4464622296971691
chr17,2000000,2500000,BA,-0.0306948373889745,0.4723568159664468
chr17,2500000,3000000,AA,0.0416186604778907,0.118002285976777
chr17,3000000,3500000,BA,-0.3377327722942851,0.1506469454460273
chr17,3500000,4000000,BA,-0.3780375006489752,0.379746659983799
chr17,4000000,4500000,BA,-0.1768971992859812,0.2452884056206231
chr17,4500000,5000000,BA,-0.2143983535356468,0.2412675372938353
chr17,5000000,5500000,BA,-0.2907278709383324,0.3083217376207549
chr17,5500000,6000000,BA,-0.2927836947116357,0.3154750101744627
chr17,6000000,6500000,BA,-0.3751711213423108,0.3353613691738128
chr17,6500000,7000000,BA,-0.3965595093751445,0.2344319368477743
chr17,7000000,7500000,BA,-0.4508841688713845,0.5413233156161454
chr17,7500000,8000000,BA,-0.5205930502860772,0.5079275761819229
chr17,8000000,8500000,BA,-0.6407981572671109,0.4040535163212351
chr17,8500000,9000000,BA,-0.443273678377963,0.1180604369727039
chr17,9000000,9500000,BA,-0.414460791294566,0.220477203011075
chr17,9500000,10000000,BB,-0.2248202400316881,-0.0820076706544184
chr17,10000000,10500000,BB,-0.3346345003726153,-0.1649894209079268
chr17,10500000,11000000,BB,-0.3050864022859514,-0.2499131611523798
chr17,11000000,11500000,BB,-0.2511721911535191,-0.2231188515824298
chr17,11500000,12000000,BB,-0.2107779581681676,-0.2413756454545086
chr17,12000000,12500000,BB,-0.142416689366148,-0.2654840653566208
chr17,12500000,13000000,BB,-0.2159664405780863,-0.4399627837305963
chr17,13000000,13500000,BB,-0.1314177765738462,-0.2996346481226349
chr17,13500000,14000000,BB,-0.1777298445054928,-0.4047862605809706
chr17,14000000,14500000,BB,-0.1543830593237787,-0.4192993775032101
chr17,14500000,15000000,AB,0.1080266040947414,-0.4649868813133788
chr17,15000000,15500000,AB,0.239910924050306,-0.1719278223447536
chr17,15500000,16000000,AA,0.3218270275388058,0.0042361766096154
chr17,16000000,16500000,AA,0.333606156609522,0.1008126289058106
chr17,16500000,17000000,AA,0.3753172352671761,0.0361163364244654
chr17,17000000,17500000,AA,0.3107014880269394,0.3919167109684138
chr17,17500000,18000000,AA,0.5925013140448869,0.4830526281269154
chr17,18000000,18500000,AA,0.6115714803758553,0.4675936407821003
chr17,19500000,20000000,AA,0.2746443737595207,0.2354549239954108
chr17,21000000,21500000,BA,-0.0235477032545804,0.3150006452736376
chr17,21500000,22000000,BB,-0.1137110258869854,-0.169537649121905
chr17,27000000,27500000,AA,0.1120942224368789,0.1382155733277275
chr17,27500000,28000000,AA,0.196323682436421,0.1933857159229032
chr17,28000000,28500000,AA,0.1746807797347716,0.3867922819210588
chr17,28500000,29000000,AA,0.3559394038967398,0.388444867190759
chr17,29000000,29500000,AA,0.3348313490533562,0.4380699098322205
chr17,29500000,30000000,AA,0.3047832460137678,0.3231070002442486
chr17,30000000,30500000,AA,0.3808313646331946,0.2449144116986875
chr17,30500000,31000000,AA,0.3980722966965631,0.194239175119344
chr17,31000000,31500000,AA,0.2482080958798946,0.3088348845042825
chr17,31500000,32000000,AA,0.2244930965181186,0.2905333238113901
chr17,32000000,32500000,AA,0.2048009539215083,0.2480961726226419
chr17,32500000,33000000,AA,0.3200236241952819,0.2424089781527896
chr17,33000000,33500000,AA,0.3153891682963556,0.3881772389660194
chr17,33500000,34000000,AA,0.3186370814688543,0.3242326509434082
chr17,34000000,34500000,AA,0.1733333491083324,0.3146220063075231
chr17,34500000,35000000,AA,0.2883986693849018,0.3480924008569372
chr17,35000000,35500000,AA,0.191275146270528,0.3827114242387432
chr17,35500000,36000000,AA,0.2183739381890894,0.4831550679560524
chr17,36000000,36500000,AA,0.3407629529399041,0.5127417632892375
chr17,36500000,37000000,AA,0.5341016284534411,0.6262813783253918
chr17,37000000,37500000,AA,0.5976556484927977,0.4676106042293561
chr17,37500000,38000000,AA,0.5711386729588033,0.4870740055682781
chr17,38500000,39000000,AA,0.524742802665532,0.6770523960007708
chr17,39000000,39500000,AA,0.5070932808256465,0.59135003599493
chr17,39500000,40000000,AA,0.6193147216006567,0.4523200774417655
chr17,40000000,40500000,AA,0.5749070026011527,0.6697268856970895
chr17,40500000,41000000,AA,0.3660460039769677,0.455874370765618
chr17,41000000,41500000,AA,0.3830335598732744,0.4828688918583492
chr17,41500000,42000000,AA,0.4964450204743784,0.6445233388981915
chr17,42000000,42500000,AA,0.5456273061413404,0.5682765258475916
chr17,42500000,43000000,AA,0.5896457391267768,0.6737851005313658
chr17,43000000,43500000,AA,0.5016953801721479,0.6711316867004712
chr17,43500000,44000000,AA,0.5398083346671384,0.696019512525922
chr17,44000000,44500000,AA,0.5708498534283899,0.5707057996118577
chr17,44500000,45000000,AA,0.4587923271352192,0.5001204057916956
chr17,45000000,45500000,AA,0.5256629176790978,0.4653765250068563
chr17,45500000,46000000,AA,0.4826756192898067,0.405506416206022
chr17,47000000,47500000,AA,0.1816128923272857,0.2913655188515234
chr17,47500000,48000000,AA,0.3447306242437165,0.3236110513854873
chr17,48000000,48500000,AA,0.2041922732903637,0.239495404342382
chr17,48500000,49000000,AA,0.328008868464895,0.2376488750908156
chr17,49000000,49500000,AA,0.2685079051440879,0.3545352340869001
chr17,49500000,50000000,AA,0.2277226029903786,0.3430018792659865
chr17,50000000,50500000,AA,0.106804473100284,0.2344590982158159
chr17,50500000,51000000,AA,0.0284581137021311,0.2490883170732335
chr17,51000000,51500000,BB,-0.1731965333209771,-0.0653587456844552
chr17,51500000,52000000,BB,-0.3709631487637205,-0.338985519932339
chr17,52000000,52500000,BB,-0.6439322144055464,-0.585889359142439
chr17,52500000,53000000,BB,-0.720599811169157,-0.552257352804869
chr17,53000000,53500000,BB,-0.7750824500167794,-0.6988294016511248
chr17,53500000,54000000,BB,-0.783382584983157,-0.5827857607470864
chr17,54000000,54500000,BB,-0.7183365610171029,-0.5883505679605462
chr17,54500000,55000000,BB,-0.6096319971335119,-0.4988963408523559
chr17,55000000,55500000,BB,-0.6154131520184907,-0.3129261712874173
chr17,55500000,56000000,BB,-0.5487779955526482,-0.4434712777367854
chr17,56000000,56500000,BB,-0.482184099950448,-0.4262441479966007
chr17,56500000,57000000,BB,-0.363538071253525,-0.1566137297701151
chr17,57000000,57500000,BB,-0.0459393213655042,-0.0431602416091841
chr17,57500000,58000000,AA,0.1806178853237799,0.1700597888885457
chr17,58000000,58500000,AA,0.2425878067295311,0.149664408572347
chr17,58500000,59000000,AA,0.1625211317938626,0.1792281475671744
chr17,59000000,59500000,AA,0.2107887523665925,0.1605900811282805
chr17,59500000,60000000,AA,0.3259390794256277,0.3184810761529986
chr17,60000000,60500000,AA,0.4577863564225375,0.4518359131156942
chr17,60500000,61000000,AA,0.3854115913596419,0.2388671888259411
chr17,61000000,61500000,AA,0.3598144923858313,0.2741771614311944
chr17,61500000,62000000,AA,0.3704736316001665,0.3484438166523426
chr17,62000000,62500000,AA,0.6420301748274392,0.6292882194171247
chr17,62500000,63000000,AA,0.6525545624969004,0.5281411261028095
chr17,63000000,63500000,AA,0.475058497835052,0.4604797475823798
chr17,63500000,64000000,AA,0.5679677768098528,0.5209933276610834
chr17,64000000,64500000,AA,0.5356174099952142,0.3406673567134918
chr17,64500000,65000000,AA,0.5299779039863385,0.2284317971464154
chr17,65000000,65500000,AA,0.3693284710000211,0.0900849785552305
chr17,65500000,66000000,AB,0.1573190929407215,-0.0390506762528568
chr17,66000000,66500000,AB,0.1027532062002397,-0.0349102863156231
chr17,66500000,67000000,AB,0.0689700853545552,-0.1201656885059425
chr17,67000000,67500000,BB,-0.0600112580460349,-0.2747725439676363
chr17,67500000,68000000,BB,-0.0868717084362078,-0.3342080980442974
chr17,68000000,68500000,AB,0.0240041523259018,-0.3010240120823685
chr17,68500000,69000000,BB,-0.1190490267414192,-0.4183444119601834
chr17,69000000,69500000,BB,-0.2238357251397235,-0.466745997406161
chr17,69500000,70000000,BB,-0.2724106587350126,-0.4094498296433161
chr17,70000000,70500000,BB,-0.3216852075551993,-0.5274012201266058
chr17,70500000,71000000,BB,-0.2885319493566846,-0.579315662480116
chr17,71000000,71500000,BB,-0.4004906459119962,-0.5542927406612383
chr17,71500000,72000000,BB,-0.3189495310982,-0.3031976998686573
chr17,72000000,72500000,BB,-0.0598416887343789,-0.1987736792039435
chr17,72500000,73000000,AB,0.0531581608553637,-0.1120709238584188
chr17,73000000,73500000,AA,0.3113527731260042,0.1023066960394695
chr17,73500000,74000000,AA,0.3471466334375076,0.186450221610762
chr17,74000000,74500000,AA,0.5059432186325042,0.3114374795178998
chr17,74500000,75000000,AA,0.546124245240778,0.4721704631155451
chr17,75000000,75500000,AA,0.5207524385470077,0.518490453287167
chr17,75500000,76000000,AA,0.677595513553555,0.593579774155871
chr17,76000000,76500000,AA,0.5883816629235523,0.5712826626731273
chr17,76500000,77000000,AA,0.5451740579518176,0.6255998294974688
chr17,77000000,77500000,AA,0.4878310494949037,0.9087229580515794
chr17,77500000,78000000,AA,0.4486802989216365,0.5077240443482124
chr17,78000000,78500000,AA,0.6141869125242674,0.5839038666227717
chr17,78500000,79000000,AA,0.6738064872426702,0.5762226630139528
chr17,79000000,79500000,AA,0.7071876147883229,0.5119136807599567
chr17,79500000,80000000,AA,0.6552431189422383,0.5486654373128642
chr17,80000000,80500000,AA,0.6434563171214507,0.7622546248647881
chr17,80500000,81000000,AA,0.6356725337802925,0.7654071854061549
chr17,82500000,83000000,AA,0.6618605556753103,0.8636652018144263
chr18,0,500000,BB,-0.6781236860008963,-0.1120177656400557
chr18,500000,1000000,BB,-0.6059529011072338,-0.4974126200102955
chr18,1000000,1500000,AB,0.0948718871776017,-0.5583554410881406
chr18,1500000,2000000,AB,0.1617113392681118,-0.4924102074937034
chr18,2000000,2500000,AB,0.1287318143307078,-0.4940456113482331
chr18,2500000,3000000,BA,-0.0659971248116322,0.114647910611122
chr18,3000000,3500000,BB,-0.0002441141743208,-0.36052882962193
chr18,3500000,4000000,AB,0.313422041570619,-0.4281256353309364
chr18,4000000,4500000,AB,0.3635179682579055,-0.6187423885356276
chr18,4500000,5000000,AB,0.0982882267559956,-0.3381339387481931
chr18,5000000,5500000,BB,-0.0270067387443567,-0.1301442494535323
chr18,5500000,6000000,AA,0.1228553880957644,0.1099475025437235
chr18,6000000,6500000,AB,0.3217273854759443,-0.0949396128024934
chr18,6500000,7000000,AB,0.3444768093945788,-0.3920297329180816
chr18,7000000,7500000,AB,0.2849679300360222,-0.1941088140658544
chr18,7500000,8000000,AB,0.3082636092814176,-0.3456115008577574
chr18,8000000,8500000,AB,0.3283952588612822,-0.1823988506698061
chr18,8500000,9000000,AB,0.3449443211571862,-0.211031113117381
chr18,9000000,9500000,AB,0.3287737269092846,-0.0403650647101606
chr18,9500000,10000000,AA,0.4448953903801398,0.075844498488482
chr18,10000000,10500000,AB,0.3068012822581164,-0.0472731943964647
chr18,10500000,11000000,AA,0.1552296242355811,0.0670614143231301
chr18,11000000,11500000,AA,0.3780895308655739,0.0087734316071854
chr18,11500000,12000000,AA,0.4647793119537821,0.1942841314908018
chr18,12000000,12500000,AA,0.4057438778351879,0.2577051504361659
chr18,12500000,13000000,AA,0.3515319452626185,0.2957265335605233
chr18,13000000,13500000,AA,0.2390298549218034,0.2977556127810133
chr18,13500000,14000000,AA,0.0185700475323451,0.4648680704572344
chr18,21000000,21500000,AA,0.5437863206433927,0.5505667667962124
chr18,21500000,22000000,AA,0.4269450772450616,0.4317877949094988
chr18,22000000,22500000,AA,0.2959854918413356,0.3560658533395759
chr18,22500000,23000000,AA,0.1070697780698591,0.3848917772656881
chr18,23000000,23500000,AA,0.3808046843272359,0.4605279866975956
chr18,23500000,24000000,AA,0.3361618395802295,0.4408852294039909
chr18,24000000,24500000,AA,0.1102578009805598,0.1996525031333317
chr18,24500000,25000000,BA,-0.0165682275467256,0.0893292732610966
chr18,25000000,25500000,BB,-0.1775739986484741,-0.0272567066959663
chr18,25500000,26000000,AB,0.0381280523631291,-0.1687474770243847
chr18,26000000,26500000,AB,0.0380205180437092,-0.0449720038323567
chr18,26500000,27000000,BB,-0.0320040511253304,-0.2301637272489147
chr18,27000000,27500000,BB,-0.0325457845923251,-0.0710081375474662
chr18,27500000,28000000,BB,-0.1305099881763357,-0.2471265624427741
chr18,28000000,28500000,BB,-0.1773473212028911,-0.3846685053465037
chr18,28500000,29000000,BB,-0.2755870974300299,-0.5734435977078046
chr18,29000000,29500000,BB,-0.4447507164442951,-0.6009632593222386
chr18,29500000,30000000,BB,-0.4699653873290947,-0.6077225372982337
chr18,30000000,30500000,BB,-0.6063187077493144,-0.3754873302187202
chr18,30500000,31000000,BB,-0.4223930692154301,-0.7204819379831615
chr18,31000000,31500000,BB,-0.4251496612161224,-0.3980639221889266
chr18,31500000,32000000,AA,0.2417537315508263,0.2241427688428965
chr18,32000000,32500000,AB,0.1393597364415294,-0.0025158644597515
chr18,32500000,33000000,BB,-0.1882545350760401,-0.2095178537625665
chr18,33000000,33500000,BB,-0.2398483200481516,-0.5103807556735034
chr18,33500000,34000000,BB,-0.161224975171185,-0.2827486145343604
chr18,34000000,34500000,BB,-0.1479727229153889,-0.2144876549583828
chr18,34500000,35000000,BB,-0.2530452718252831,-0.2088449945861823
chr18,35000000,35500000,AA,0.1053568674050674,0.2347692355014741
chr18,35500000,36000000,AA,0.1886291395493755,0.2586834677437378
chr18,36000000,36500000,AA,0.2540514282073878,0.253570375373197
chr18,36500000,37000000,AA,0.0117465611247447,0.0201355447045926
chr18,37000000,37500000,AA,0.3226512580861259,0.276541233397463
chr18,37500000,38000000,AA,0.0836870923368126,0.0735093395445536
chr18,38000000,38500000,BB,-0.1911031920353981,-0.0933551301819099
chr18,38500000,39000000,BB,-0.3332559736769901,-0.2793703739347479
chr18,39000000,39500000,BB,-0.6156264318530751,-0.3338162782887016
chr18,39500000,40000000,BB,-0.4271887166561965,-0.3987321012049733
chr18,40000000,40500000,BB,-0.5830336996390301,-0.5273688053877655
chr18,40500000,41000000,BB,-0.816897736920558,-0.7081796882408775
chr18,41000000,41500000,BB,-0.6262362307049236,-0.4866407689194846
chr18,41500000,42000000,BB,-0.5505337222531479,-0.3875786510367477
chr18,42000000,42500000,BB,-0.6357801432898313,-0.4416937841097983
chr18,42500000,43000000,BB,-0.7420099274906653,-0.5492152851836142
chr18,43000000,43500000,BB,-0.6881692150023139,-0.669480954988539
chr18,43500000,44000000,BB,-0.5714894187978666,-0.6205617959476862
chr18,44000000,44500000,BB,-0.7267189761474256,-0.6196752413375093
chr18,44500000,45000000,BB,-0.2243582721308918,-0.3489364825411017
chr18,45000000,45500000,AB,0.0964172421900451,-0.1784940364110623
chr18,45500000,46000000,AA,0.234183427479249,0.1301505191083028
chr18,46000000,46500000,AA,0.3180008141344809,0.2027910214056316
chr18,46500000,47000000,AA,0.4005192509848778,0.3642398871737534
chr18,47000000,47500000,AA,0.3222853419252001,0.1463612221926973
chr18,47500000,48000000,AA,0.3157143004249016,0.1785760835832193
chr18,48000000,48500000,AA,0.4285738199033038,0.3274856990567695
chr18,48500000,49000000,AA,0.5140808896612301,0.4673034494782819
chr18,49000000,49500000,AA,0.4100262902715466,0.3798664194396945
chr18,49500000,50000000,AA,0.3704471755592044,0.3758869576202129
chr18,50000000,50500000,AA,0.3167725069754382,0.2708130991593878
chr18,50500000,51000000,AA,0.3575246067648476,0.4309030514273324
chr18,51000000,51500000,AA,0.3448561286173565,0.2217038015365817
chr18,51500000,52000000,AA,0.0403108047916261,0.1025512670309246
chr18,52000000,52500000,BB,-0.0497066501308972,-0.0718609567561923
chr18,52500000,53000000,AB,0.0115190255123238,-0.0043277766550462
chr18,53000000,53500000,BB,-0.1026550507743883,-0.0375481137773733
chr18,53500000,54000000,BB,-0.3163365319473533,-0.256846906303717
chr18,54000000,54500000,BB,-0.1219074060809941,-0.1649274992140806
chr18,54500000,55000000,BB,-0.2567856810117183,-0.2498487643094762
chr18,55000000,55500000,BB,-0.2470841141438955,-0.2092745147675871
chr18,55500000,56000000,BB,-0.2130205986315649,-0.268273539623824
chr18,56000000,56500000,BB,-0.1651997610770998,-0.1636245560492784
chr18,56500000,57000000,BB,-0.2792245278046007,-0.1524212508339909
chr18,57000000,57500000,BA,-0.0485573404301325,0.116369190587415
chr18,57500000,58000000,BA,-0.1137244775154406,0.0700510766146851
chr18,58000000,58500000,BA,-0.0071351852731123,0.1909048092344339
chr18,58500000,59000000,AA,0.0565438553860064,0.2573614221041232
chr18,59000000,59500000,BA,-0.0939788944871213,0.0860205187097457
chr18,59500000,60000000,BB,-0.2354815301985739,-0.0433462464543721
chr18,60000000,60500000,BB,-0.7681214530782365,-0.5241562613446608
chr18,60500000,61000000,BB,-0.8680920335159344,-0.6164690847376392
chr18,61000000,61500000,BB,-0.5918121362769124,-0.5095204416951247
chr18,61500000,62000000,BB,-0.3440775362953817,-0.325724323215759
chr18,62000000,62500000,BB,-0.4390391362690222,-0.2852277278857547
chr18,62500000,63000000,BA,-0.0331568073320358,0.036021696251884
chr18,63000000,63500000,BB,-0.1120897654523187,-0.0755197997484537
chr18,63500000,64000000,BB,-0.3147038341889071,-0.3903787399735955
chr18,64000000,64500000,BB,-0.3679201843975381,-0.3597077076709387
chr18,64500000,65000000,BB,-0.4685987819524768,-0.5238467086351672
chr18,65000000,65500000,BB,-0.7126281055880135,-0.763800241046971
chr18,65500000,66000000,BB,-0.7173719520142147,-0.7551233763931472
chr18,66000000,66500000,BB,-0.392652963803544,-0.4459809630234733
chr18,66500000,67000000,BB,-0.7160193090808086,-0.6417135973377033
chr18,67000000,67500000,BB,-0.5236563384970573,-0.4359258158856335
chr18,67500000,68000000,BB,-0.4009864304698631,-0.3902849142147034
chr18,68000000,68500000,BB,-0.4135630383603354,-0.3534826475442629
chr18,68500000,69000000,BB,-0.5066208095428671,-0.3230146034877495
chr18,69000000,69500000,BB,-0.5490159099063231,-0.5121812786383242
chr18,69500000,70000000,BB,-0.3220484350229984,-0.2951744610591346
chr18,70000000,70500000,BB,-0.1019155832566398,-0.1817913942554941
chr18,70500000,71000000,BB,-0.0929961712069512,-0.2120542858921711
chr18,71000000,71500000,BB,-0.4093781589795837,-0.4580162738732248
chr18,71500000,72000000,BB,-0.4205201785330983,-0.512142571705411
chr18,72000000,72500000,BB,-0.4328010338315292,-0.5079661481711681
chr18,72500000,73000000,BB,-0.4068550738912534,-0.5138138100879672
chr18,73000000,73500000,BB,-0.5248063976565582,-0.7422102233161293
chr18,73500000,74000000,BB,-0.2568765918693351,-0.4779055264731515
chr18,74000000,74500000,BB,-0.0322988398998959,-0.3267480095506337
chr18,74500000,75000000,BB,-0.1523513962248411,-0.2374002219580032
chr18,75000000,75500000,AA,0.2276093211365299,0.088516191815691
chr18,75500000,76000000,AB,0.0569001823703908,-0.0215221078510913
chr18,76000000,76500000,AA,0.2663347803036649,0.1473815288962099
chr18,76500000,77000000,AA,0.3792119740969638,0.2876851115937618
chr18,77000000,77500000,AA,0.111895116422032,0.0799021505234379
chr18,77500000,78000000,BB,-0.0059928107592726,-0.0472983104480754
chr18,78000000,78500000,AB,0.1949106706373251,-0.119029499969962
chr18,78500000,79000000,AA,0.3575243000986142,0.1997880634752541
chr18,79000000,79500000,AA,0.3762998556718906,0.1044179622974579
chr18,79500000,80000000,AA,0.4510275124099496,0.2453630570126731
chr19,2500000,3000000,BA,-0.169942280072304,0.2063102124144012
chr19,3000000,3500000,BB,-0.0214113842565242,-0.1682863044074939
chr19,3500000,4000000,AA,0.0896852000281567,0.0804468323725069
chr19,4000000,4500000,BB,-0.0755719373903628,-0.2139092128911971
chr19,4500000,5000000,AA,0.1418599121278838,0.2221392934881514
chr19,5000000,5500000,AA,0.1751332188116421,0.3527905244748873
chr19,5500000,6000000,AA,0.0816009365500309,0.1830432270672418
chr19,6000000,6500000,BB,-0.0256391941310202,-0.1885738628279214
chr19,6500000,7000000,AB,0.206248011706801,-0.0751601029980926
chr19,7000000,7500000,AB,0.0247409490244938,-0.3581567442130787
chr19,7500000,8000000,BB,-0.1471868780930276,-0.0982370955222219
chr19,8000000,8500000,BA,-0.2672617885718641,0.1858215540308584
chr19,8500000,9000000,BB,-0.2046845918827928,-0.0038619851808861
chr19,9000000,9500000,BB,-0.4812923024363948,-0.3816854425032902
chr19,9500000,10000000,BB,-0.248813766667198,-0.1752527664436236
chr19,10000000,10500000,AA,0.1154853896280673,0.2436220742752792
chr19,10500000,11000000,AA,0.071525263788849,0.0108719783192971
chr19,11000000,11500000,AA,0.1408229652951101,0.0330106528550486
chr19,11500000,12000000,AA,0.0205912082138993,0.1540198345562923
chr19,12000000,12500000,BB,-0.1263109415149888,-0.0718035627137296
chr19,12500000,13000000,BA,-0.0142487783067337,0.1106267765106637
chr19,13000000,13500000,AA,0.0345177697025825,0.1349564631179503
chr19,13500000,14000000,BA,-0.024650066562945,0.1337960608457276
chr19,14000000,14500000,AA,0.0318521483129617,0.2105175403217406
chr19,14500000,15000000,AA,0.1997464809646458,0.1797742514094482
chr19,15000000,15500000,AA,0.3153365176806644,0.2252161063476485
chr19,15500000,16000000,AA,0.0392451937413499,0.067610005841862
chr19,16000000,16500000,AA,0.1043018096578347,0.0813430418927438
chr19,16500000,17000000,AA,0.1457527418879318,0.0941022098961627
chr19,17000000,17500000,AA,0.1603419124083405,0.099281320122056
chr19,17500000,18000000,AA,0.1586552969173565,0.1841003241524773
chr19,18000000,18500000,BA,-0.0074974143288922,0.0967181790681149
chr19,18500000,19000000,AA,0.0580778533381912,0.0002358069351877
chr19,19000000,19500000,BB,-0.0868619358767861,-0.0760704635563439
chr19,19500000,20000000,BB,-0.2512337464312804,-0.3094394688587057
chr19,20000000,20500000,BB,-0.3757274017080012,-0.5494027896674423
chr19,20500000,21000000,BB,-0.6983032576013598,-0.8416584167004427
chr19,21000000,21500000,BB,-0.6858707815580319,-0.6767157167122115
chr19,21500000,22000000,BB,-1.0003084741212478,-0.9410296376584648
chr19,22000000,22500000,BB,-0.8108999020396853,-0.8310202111024021
chr19,22500000,23000000,BB,-0.8104114826787127,-0.7457215989446405
chr19,23000000,23500000,BB,-0.9712971817810142,-1.1853818885969527
chr19,27500000,28000000,BB,-0.6261124159938718,-0.2750281231680639
chr19,28000000,28500000,BA,-0.1566655935050649,0.1759943097594356
chr19,28500000,29000000,BA,-0.2443720704869843,0.0929274395241458
chr19,29000000,29500000,AA,0.0420084352711437,0.0675907016240842
chr19,29500000,30000000,BA,-0.0409793710410713,0.2728707214372126
chr19,30000000,30500000,BA,-0.0347429256553018,0.246344497356217
chr19,30500000,31000000,AA,0.063920022776424,0.3939865180679471
chr19,31000000,31500000,AA,0.1352665852111438,0.1586485728372306
chr19,31500000,32000000,AA,0.0461675606256197,0.3073945400474627
chr19,32000000,32500000,AA,0.0276692399370034,0.1788229215345669
chr19,32500000,33000000,BA,-0.0309717109919002,0.3229691930833128
chr19,33000000,33500000,BA,-0.2727425637385752,0.2858075134532515
chr19,33500000,34000000,BA,-0.0944002459475883,0.0905296318261768
chr19,34000000,34500000,BB,-0.1764915162995607,-0.0979647253306275
chr19,34500000,35000000,BB,-0.3668831257708441,-0.3157671315009707
chr19,35000000,35500000,BB,-0.3500045272729454,-0.1580267520838737
chr19,35500000,36000000,BB,-0.2663544557469951,-0.2989053119831655
chr19,36000000,36500000,BB,-0.5996353817132307,-0.5429294233410593
chr19,36500000,37000000,BB,-0.3769967489462923,-0.3908318033826536
chr19,37000000,37500000,BB,-0.7466103719907503,-0.5662679232528612
chr19,37500000,38000000,BB,-0.5067082563049198,-0.5176559605108926
chr19,38000000,38500000,BB,-0.1410165163026039,-0.3824945031594459
chr19,38500000,39000000,BB,-0.1497668546203688,-0.3515325744614988
chr19,39000000,39500000,BB,-0.0056067266513452,-0.1830039953080031
chr19,39500000,40000000,AB,0.0509439530270058,-0.4133866491129592
chr19,40000000,40500000,BB,-0.1506723464622023,-0.4428266541768811
chr19,40500000,41000000,AB,0.1351541927470947,-0.3912596381790719
chr19,41000000,41500000,AB,0.2137570074067734,-0.3071160308960481
chr19,41500000,42000000,AA,0.0922346228515864,0.018692720087294
chr19,42000000,42500000,BB,-0.0220278004869685,-0.2375462604722115
chr19,42500000,43000000,AB,0.0399550196234733,-0.3072041290014624
chr19,43000000,43500000,BB,-0.3719637415762679,-0.2008755387101792
chr19,43500000,44000000,BB,-0.2861366517038065,-0.2003428362415498
chr19,44000000,44500000,BB,-0.285168526131996,-0.4846391446752933
chr19,44500000,45000000,AB,0.0590357770101621,-0.3441595325379846
chr19,45000000,45500000,AB,0.0542211405995621,-0.1202931364316803
chr19,45500000,46000000,AB,0.0194778901822405,-0.1270120384963966
chr19,46000000,46500000,AB,0.1739186620958521,-0.0883272724406132
chr19,46500000,47000000,AA,0.2208698760435254,0.0521262401762425
chr19,47000000,47500000,AB,0.1644631550497394,-0.1435255996346285
chr19,47500000,48000000,AB,0.1255135248813099,-0.0003266465117904
chr19,48000000,48500000,BA,-0.0663338744397319,0.1328423360499962
chr19,48500000,49000000,AA,0.1172400779172326,0.0582332233242882
chr19,49000000,49500000,AB,0.0460087807624348,-0.022612140712117
chr19,49500000,50000000,AB,0.0778188705761585,-0.0920089853550823
chr19,50000000,50500000,AA,0.0657688750149158,0.0393140208546801
chr19,50500000,51000000,AA,0.0625710753552985,0.0191012489410522
chr19,51000000,51500000,BB,-0.1395832229530664,-0.0974628830719547
chr19,51500000,52000000,BB,-0.4692581023875087,-0.2104461312056483
chr19,52000000,52500000,BB,-0.5322490014545247,-0.3404370123428282
chr19,52500000,53000000,BB,-0.2577907083564062,-0.3075108527560127
chr19,53000000,53500000,BB,-0.3518853390567285,-0.4000267940048722
chr19,53500000,54000000,BB,-0.1813814582028766,-0.3318384630407035
chr19,54000000,54500000,BB,-0.2193068793288869,-0.2206410984550325
chr19,54500000,55000000,BB,-0.1381676188295013,-0.2823381987619314
chr19,55000000,55500000,BB,-0.0649035856987196,-0.20452324139661
chr19,55500000,56000000,BB,-0.272780164739118,-0.5133323110628639
chr19,56000000,56500000,BB,-0.42725917174432,-0.6717093192944054
chr19,56500000,57000000,BB,-0.5182258435950369,-0.6854570596970097
chr19,57000000,57500000,BB,-0.4366595932483038,-0.7003804297590283
chr19,57500000,58000000,BB,-0.6563051981036878,-0.770056920210138
chr19,58000000,58500000,BB,-0.8382902220162356,-1.0053082842820946
chr20,0,500000,BB,-0.506356055236064,-0.2809186196728175
chr20,500000,1000000,BB,-0.1888031276122509,-0.0116592812630639
chr20,1000000,1500000,AA,0.1381732883598139,0.1824899043336823
chr20,1500000,2000000,AA,0.3886990782252867,0.1912517229354639
chr20,2000000,2500000,AA,0.4124018540195894,0.2850080136890195
chr20,2500000,3000000,AA,0.3639469626386119,0.1424764381570157
chr20,3000000,3500000,AA,0.237322353360035,0.2116630185847283
chr20,3500000,4000000,AA,0.0260346152551805,0.1669951294068316
chr20,4000000,4500000,BA,-0.1727633938639513,0.0109718766713596
chr20,4500000,5000000,BB,-0.1244167699742977,-0.1300571478992656
chr20,5000000,5500000,BB,-0.103468369014297,-0.043081239471897
chr20,5500000,6000000,BB,-0.1627150014872468,-0.090995673580454
chr20,6000000,6500000,BB,-0.3059544418066758,-0.2604840224015078
chr20,6500000,7000000,BB,-0.5691327870157493,-0.6715905678579988
chr20,7000000,7500000,BB,-0.569522780371962,-0.5784621569489015
chr20,7500000,8000000,BB,-0.5057654297002938,-0.5707319791564437
chr20,8000000,8500000,BB,-0.4427852416766141,-0.5833000871320442
chr20,8500000,9000000,BB,-0.5893321166300795,-0.6344416663851703
chr20,9000000,9500000,BB,-0.6099143552479931,-0.5676189765234171
chr20,9500000,10000000,BB,-0.4957003798639716,-0.4866600294250642
chr20,10000000,10500000,BB,-0.3952020300003596,-0.4161253200624453
chr20,10500000,11000000,BB,-0.2786077740024131,-0.3689964959842061
chr20,11000000,11500000,BB,-0.4962242793800166,-0.4626649371949763
chr20,11500000,12000000,BB,-0.4719474373942545,-0.3897752547915518
chr20,12000000,12500000,BB,-0.3936672853892873,-0.4132019223316137
chr20,12500000,13000000,BB,-0.402572610616218,-0.2213416399220447
chr20,13000000,13500000,BB,-0.4446415941925557,-0.3469024280538754
chr20,13500000,14000000,BB,-0.3513320036372014,-0.4088704898024867
chr20,14000000,14500000,BB,-0.61585224960626,-0.6258827932263299
chr20,14500000,15000000,BB,-0.485298712756844,-0.4928566818873356
chr20,15000000,15500000,BB,-0.5199358628546505,-0.5345665914389981
chr20,15500000,16000000,BB,-0.4003260911567902,-0.4078617825676829
chr20,16000000,16500000,BB,-0.3106122541342319,-0.5179169372185607
chr20,16500000,17000000,BB,-0.3242500540990954,-0.3421626811154292
chr20,17000000,17500000,BB,-0.3124490654503755,-0.1398210161353861
chr20,17500000,18000000,AA,0.1667793869778984,0.1683927620890154
chr20,18000000,18500000,BB,-0.03546746561874,-0.0001836634888844
chr20,18500000,19000000,AA,0.0592315412144043,0.1399042594790294
chr20,19000000,19500000,BA,-0.0800684107219461,0.107581799780829
chr20,19500000,20000000,BA,-0.0717623205539343,0.0786522609209557
chr20,20000000,20500000,AB,0.0157730780120836,-0.0094522651057268
chr20,20500000,21000000,BA,-0.0399470728711232,0.0982905546987411
chr20,21000000,21500000,AA,0.1307197775109896,0.2269164627768557
chr20,21500000,22000000,AA,0.1190240154977923,0.2799224034050006
chr20,22000000,22500000,AA,0.2557717766326057,0.4064329126587395
chr20,22500000,23000000,AA,0.5143498534821461,0.4118236945887796
chr20,23000000,23500000,AA,0.5570966293045084,0.5333074686772453
chr20,23500000,24000000,AA,0.4765946071924166,0.4556801318076766
chr20,24000000,24500000,AA,0.5623165252436207,0.6143977789496979
chr20,24500000,25000000,AA,0.6463345772730844,0.6025435451905875
chr20,25000000,25500000,AA,0.7023862739331248,0.5768971344932187
chr20,31000000,31500000,BB,-0.0434090341283991,-0.3709428991429676
chr20,31500000,32000000,AA,0.4372543099629388,0.305616755247504
chr20,32000000,32500000,AA,0.3508267771516575,0.2566366301788064
chr20,32500000,33000000,AA,0.5463241387054721,0.2194673174849639
chr20,33000000,33500000,AA,0.3229371204600147,0.2295011747866824
chr20,33500000,34000000,AA,0.3413405860561587,0.2747856589765416
chr20,34000000,34500000,AA,0.0858473907842312,0.1598035160642037
chr20,34500000,35000000,AA,0.233352746362933,0.4053988698497623
chr20,35000000,35500000,AA,0.3662391915733126,0.381729366371483
chr20,35500000,36000000,AA,0.3808322756865437,0.4055710552836316
chr20,36000000,36500000,AA,0.387999828469558,0.3761488292864378
chr20,36500000,37000000,AA,0.3716054107325116,0.3485030635017199
chr20,37000000,37500000,AA,0.4097803887820589,0.3729227737703983
chr20,37500000,38000000,AA,0.4090933791315106,0.4283656277601282
chr20,38000000,38500000,AA,0.4134635827432345,0.361936790981064
chr20,38500000,39000000,AA,0.2257234565760201,0.2915272382632754
chr20,39000000,39500000,AA,0.2292580179493883,0.2752098979109476
chr20,39500000,40000000,AA,0.0679418982241242,0.1071629027246917
chr20,40000000,40500000,AA,0.1850229693543946,0.0680000631609821
chr20,40500000,41000000,AA,0.2287023191749988,0.3352075813704226
chr20,41000000,41500000,AA,0.2990530564369508,0.3975712686027939
chr20,41500000,42000000,AA,0.2266655181219289,0.2468426715293883
chr20,42000000,42500000,AA,0.164335074874543,0.0726306651194449
chr20,42500000,43000000,AA,0.257947524534893,0.2642133802363002
chr20,43000000,43500000,AA,0.2897632411418763,0.3023974601651005
chr20,43500000,44000000,AA,0.3420635387392612,0.309990934078093
chr20,44000000,44500000,AA,0.4817191988768343,0.3591982907033678
chr20,44500000,45000000,AA,0.3453024697306281,0.3832233372309671
chr20,45000000,45500000,AA,0.4057901992762037,0.3406038847874119
chr20,45500000,46000000,AA,0.4647721142100843,0.3487327588511359
chr20,46000000,46500000,AA,0.4051930451982096,0.4011819184333238
chr20,46500000,47000000,AA,0.2830074769571728,0.3507516408384263
chr20,47000000,47500000,AA,0.2849011951390212,0.3757022557291946
chr20,47500000,48000000,AA,0.3951194960635562,0.346824005329569
chr20,48000000,48500000,AA,0.5467161295241726,0.3418857306045343
chr20,48500000,49000000,AA,0.5358590818732749,0.4873596650249595
chr20,49000000,49500000,AA,0.2001301222400702,0.4906755937276242
chr20,49500000,50000000,AA,0.0768276712204846,0.3675004831474057
chr20,50000000,50500000,AA,0.294737428402918,0.2332379720916562
chr20,50500000,51000000,AA,0.0308856437195811,0.155850195825793
chr20,51000000,51500000,BB,-0.1568379655123823,-0.0223844936809036
chr20,51500000,52000000,BB,-0.364371361292101,-0.0628288154968349
chr20,52000000,52500000,BB,-0.2821259530717386,-0.2531571681390474
chr20,52500000,53000000,BB,-0.3991075170367961,-0.2926632478176003
chr20,53000000,53500000,BB,-0.4892322793239799,-0.3314796524545457
chr20,53500000,54000000,BB,-0.2839282011652596,-0.2380591017247755
chr20,54000000,54500000,BB,-0.5742601480813361,-0.5587304575697989
chr20,54500000,55000000,BB,-0.6483509759383359,-0.6175089673337926
chr20,55000000,55500000,BB,-0.6359719530670627,-0.7065284208809642
chr20,55500000,56000000,BB,-0.491230156110667,-0.5535936017738333
chr20,56000000,56500000,BB,-0.2581304295367209,-0.0801865126872664
chr20,56500000,57000000,BB,-0.0940350242315958,-0.0542058891207443
chr20,57000000,57500000,AA,0.115011859378231,0.301556768360313
chr20,57500000,58000000,AA,0.2769687137770977,0.0874179167783533
chr20,58000000,58500000,AA,0.2259050262462364,0.1489016347494383
chr20,58500000,59000000,AA,0.3364674363234111,0.2919089868283115
chr20,59000000,59500000,AA,0.4384551567597585,0.3563030979109109
chr20,59500000,60000000,AA,0.2388290605873497,0.1940712234479565
chr20,60000000,60500000,AA,0.2976332960832612,0.2347412128693483
chr20,60500000,61000000,AA,0.4364888134137307,0.2579364986281019
chr20,61000000,61500000,AA,0.5999993127623103,0.7196856027851303
chr20,61500000,62000000,AA,0.5526957609165405,0.8939096533946396
chr21,14000000,14500000,BB,-0.9799763698292016,-0.8528524900282081
chr21,14500000,15000000,BB,-0.8461448398529609,-0.9964841416896458
chr21,15000000,15500000,BB,-0.8256697107605278,-0.9493109343974672
chr21,15500000,16000000,BB,-0.6232390218258719,-0.6424622127662778
chr21,16000000,16500000,BB,-0.6730918603304806,-0.4972319073970241
chr21,16500000,17000000,BB,-0.547549563148144,-0.6295184365632212
chr21,17000000,17500000,BB,-0.2774533191217419,-0.3413979149397932
chr21,17500000,18000000,BB,-0.3894488886856465,-0.2467851492716344
chr21,18000000,18500000,BB,-0.4775045667286965,-0.5894852155090926
chr21,18500000,19000000,BB,-0.5232849868078832,-0.5714857236249477
chr21,19000000,19500000,BB,-0.4583687437107877,-0.4847273084746662
chr21,19500000,20000000,BB,-0.4829992770103153,-0.57354256639483
chr21,20000000,20500000,BB,-0.5121412231197336,-0.5496277912328023
chr21,20500000,21000000,BB,-0.499677263587212,-0.3928755976052857
chr21,21000000,21500000,BB,-0.3926809542449587,-0.3878897746924591
chr21,21500000,22000000,BB,-0.3338866368495398,-0.3436820713448813
chr21,22000000,22500000,BB,-0.4085647184952489,-0.2590407933232526
chr21,22500000,23000000,BB,-0.4110082640203924,-0.3414961427723401
chr21,23000000,23500000,BB,-0.1843287686103139,-0.1710764433585827
chr21,23500000,24000000,BB,-0.3153744917636802,-0.2940680739550391
chr21,24000000,24500000,BB,-0.2597676729070927,-0.2777431732203145
chr21,24500000,25000000,BB,-0.1476709870699358,-0.2415170458856844
chr21,25000000,25500000,AB,0.0509326757560478,-0.1900448820298209
chr21,25500000,26000000,AB,0.0168818148035943,-0.1877844015895062
chr21,26000000,26500000,BB,-0.0410683837500022,-0.292738402708187
chr21,26500000,27000000,BB,-0.199618568998744,-0.3956277495961557
chr21,27000000,27500000,BB,-0.303112205442653,-0.4029866689983424
chr21,27500000,28000000,BB,-0.5200771236321796,-0.4347446479337561
chr21,28000000,28500000,BB,-0.5080974435146327,-0.5230422260381619
chr21,28500000,29000000,BB,-0.1873387323868862,-0.0464895913871055
chr21,29000000,29500000,BA,-0.2373531660710033,0.0254686341455055
chr21,29500000,30000000,BB,-0.5655918910853284,-0.5518349487900212
chr21,30000000,30500000,BB,-0.5503327422752174,-0.7141194006279165
chr21,30500000,31000000,BB,-0.4242112717305421,-0.6366914596503709
chr21,31000000,31500000,BB,-0.1981685892148165,-0.4235595532611494
chr21,31500000,32000000,BB,-0.1881137534927633,-0.3232695217543616
chr21,32000000,32500000,BB,-0.0061793768402199,-0.049473695408477
chr21,32500000,33000000,BB,-0.1583189600721358,-0.0885343080587981
chr21,33000000,33500000,AA,0.0853634566818393,0.0357725753561542
chr21,33500000,34000000,BA,-0.0634366215058604,0.0593820752700194
chr21,34000000,34500000,BA,-0.1691070382313502,0.0458829225877809
chr21,34500000,35000000,BA,-0.3027504810046111,0.0038282061205445
chr21,35000000,35500000,BB,-0.597100775250608,-0.1486155215334472
chr21,35500000,36000000,BB,-0.5216889616203706,-0.1574915205600659
chr21,36000000,36500000,BA,-0.0144616293892828,0.2195211885418062
chr21,36500000,37000000,AB,0.1327110094412097,-0.0379245209086584
chr21,37000000,37500000,BB,-0.1585086725264133,-0.0357708188313213
chr21,37500000,38000000,BA,-0.0916552429252195,0.0258132841359151
chr21,38000000,38500000,BB,-0.4081119542397476,-0.1166595007351181
chr21,38500000,39000000,BB,-0.1615804576489749,-0.0047238719711918
chr21,39000000,39500000,AA,0.2985441776024999,0.3072680613824046
chr21,39500000,40000000,AA,0.0138511456989398,0.315774795133111
chr21,40000000,40500000,BB,-0.115428774764367,-0.2065548935520331
chr21,40500000,41000000,BB,-0.1962620107314037,-0.3613276279945037
chr21,41000000,41500000,BA,-0.049482883929236,0.1884259320337941
chr21,41500000,42000000,AA,0.2960948828852904,0.1269758388191226
chr21,42000000,42500000,AA,0.2927155374580182,0.2745881061748769
chr21,42500000,43000000,AA,0.3967197305945157,0.3933939829098281
chr21,43500000,44000000,AA,0.6280182440277647,0.3209353558579013
chr21,44500000,45000000,AA,0.6396786272888162,0.5605431628548366
chr21,45000000,45500000,AA,0.1134476627592884,0.1430495284807734
chr21,45500000,46000000,AA,0.2622483912957721,0.1879076259313847
chr21,46000000,46500000,AA,0.1026232244890798,0.0773127789629381
chr22,17000000,17500000,BA,-0.4867754555934805,0.5656330077031893
chr22,17500000,18000000,BA,-0.5052514071140917,0.3495308562004628
chr22,19000000,19500000,BA,-0.0400602400322015,0.4380922993553025
chr22,19500000,20000000,AA,0.3643876869006439,0.4993857563589445
chr22,20000000,20500000,AA,0.565034857137671,0.596206378616823
chr22,20500000,21000000,AA,0.443409753464313,0.4092447404598904
chr22,21500000,22000000,AA,0.1576266237323345,0.2995995458411562
chr22,22000000,22500000,AA,0.058438686733304,0.4847238250420624
chr22,22500000,23000000,AA,0.0992190679516407,0.3977205851390333
chr22,23000000,23500000,AA,0.157536711663185,0.6403052377886016
chr22,23500000,24000000,AA,0.0025391913390651,0.4887539202771626
chr22,24000000,24500000,BA,-0.0456102311567701,0.1935642943304668
chr22,24500000,25000000,BB,-0.0499818351939198,-0.0135209973969656
chr22,25000000,25500000,BB,-0.0598126591764501,-0.2658806218115872
chr22,25500000,26000000,BB,-0.1986482434836318,-0.3015424850581611
chr22,26000000,26500000,BB,-0.0968820373748279,-0.0621102063580362
chr22,26500000,27000000,BB,-0.147280261442733,-0.0909909395390327
chr22,27000000,27500000,BB,-0.2342236543910373,-0.0923819770614616
chr22,27500000,28000000,BB,-0.1446614929064338,-0.2633044907414441
chr22,28000000,28500000,BB,-0.3384277170541264,-0.4013784571293736
chr22,28500000,29000000,BB,-0.3490629135383915,-0.1982417001066882
chr22,29000000,29500000,BB,-0.277124379202073,-0.14632405015581
chr22,29500000,30000000,BB,-0.2547087104339352,-0.1336849499639349
chr22,30000000,30500000,BA,-0.1327012749428957,0.0683259687818356
chr22,30500000,31000000,BA,-0.145884316857758,0.1205102930631136
chr22,31000000,31500000,BA,-0.2069964015052808,0.1543286649576009
chr22,31500000,32000000,BA,-0.2065344784426619,0.0284550370139891
chr22,32000000,32500000,BA,-0.24495718601292,0.0241697279664274
chr22,32500000,33000000,BA,-0.1093001631066674,0.0362025044090233
chr22,33000000,33500000,BB,-0.2491722005901995,-0.2119273375169905
chr22,33500000,34000000,BB,-0.3767165454837478,-0.2261412256824667
chr22,34000000,34500000,BB,-0.3819618494595706,-0.4005869337053103
chr22,34500000,35000000,BB,-0.2568439696986146,-0.2169693903430014
chr22,35000000,35500000,BB,-0.202851536230645,-0.1050207904608503
chr22,35500000,36000000,BA,-0.146256037757148,0.0084039161934532
chr22,36000000,36500000,BB,-0.1073102165171127,-0.070981332738424
chr22,36500000,37000000,BA,-0.2351674548143147,0.0798018085814127
chr22,37000000,37500000,BA,-0.2398783239319126,0.1349831671693915
chr22,37500000,38000000,BA,-0.2033308846792995,0.2193320632555417
chr22,38000000,38500000,BA,-0.2874558254763472,0.2518546942701053
chr22,38500000,39000000,BA,-0.4827254634793694,0.2469478716194381
chr22,39000000,39500000,BA,-0.4302696939050326,0.240940434043938
chr22,39500000,40000000,BA,-0.4285482072924879,0.0066368945079834
chr22,40000000,40500000,BA,-0.318772372468222,0.1711989371410249
chr22,40500000,41000000,BA,-0.3983039488855456,0.1897792330286061
chr22,41000000,41500000,BA,-0.4537206682443704,0.2892345083475878
chr22,41500000,42000000,BA,-0.29842582293847,0.261412484465753
chr22,42000000,42500000,BA,-0.362358981015898,0.4764294961215067
chr22,42500000,43000000,BA,-0.3402921026457291,0.3422034534188836
chr22,43000000,43500000,BA,-0.3809207226444506,0.438733772441624
chr22,43500000,44000000,BA,-0.3829361251865439,0.3469289210913006
chr22,44000000,44500000,BA,-0.2830659235058148,0.2533277621719814
chr22,44500000,45000000,BA,-0.3952624303292573,0.3893736012453879
chr22,45000000,45500000,BA,-0.3324308996323596,0.3490767128885884
chr22,45500000,46000000,BA,-0.1398224600100274,0.3459710246637515
chr22,46000000,46500000,BA,-0.2043260773817174,0.0453558033706222
chr22,46500000,47000000,BA,-0.1910995172894229,0.1434081642132088
chr22,47000000,47500000,BA,-0.3736804299726858,0.0322364123207572
chr22,47500000,48000000,BB,-0.2213513003858941,-0.1264102958601831
chr22,48000000,48500000,BA,-0.1887872377352768,0.1197330827882398
chr22,48500000,49000000,AA,0.1080791851393912,0.2300819652950007
chr22,49000000,49500000,AA,0.1993521236145831,0.3326775526149712
chr22,49500000,50000000,AA,0.3896683303484022,0.5070185846638379
chr22,50000000,50500000,AA,0.5751280957661412,0.6623177384818533
